ID,Label
50,not ADE-related
51,ADE-related
52,not ADE-related
53,ADE-related
54,ADE-related
55,not ADE-related
56,not ADE-related
57,not ADE-related
58,not ADE-related
59,ADE-related
60,ADE-related
61,not ADE-related
62,not ADE-related
63,ADE-related
64,ADE-related
65,not ADE-related
66,not ADE-related
67,not ADE-related
68,not ADE-related
69,ADE-related
70,not ADE-related
71,not ADE-related
72,not ADE-related
73,not ADE-related
74,not ADE-related
75,not ADE-related
76,not ADE-related
77,not ADE-related
78,not ADE-related
79,ADE-related
80,ADE-related
81,not ADE-related
82,not ADE-related
83,not ADE-related
84,not ADE-related
85,not ADE-related
86,ADE-related
87,not ADE-related
88,not ADE-related
89,ADE-related
90,ADE-related
91,ADE-related
92,not ADE-related
93,ADE-related
94,not ADE-related
95,ADE-related
96,ADE-related
97,not ADE-related
98,not ADE-related
99,not ADE-related
100,not ADE-related
101,not ADE-related
102,ADE-related
103,ADE-related
104,not ADE-related
105,ADE-related
106,ADE-related
107,not ADE-related
108,ADE-related
109,not ADE-related
110,ADE-related
111,not ADE-related
112,not ADE-related
113,not ADE-related
114,not ADE-related
115,not ADE-related
116,ADE-related
117,not ADE-related
118,not ADE-related
119,ADE-related
120,not ADE-related
121,ADE-related
122,not ADE-related
123,not ADE-related
124,ADE-related
125,ADE-related
126,ADE-related
127,ADE-related
128,not ADE-related
129,not ADE-related
130,not ADE-related
131,not ADE-related
132,not ADE-related
133,not ADE-related
134,not ADE-related
135,ADE-related
136,not ADE-related
137,not ADE-related
138,ADE-related
139,not ADE-related
140,not ADE-related
141,ADE-related
142,not ADE-related
143,not ADE-related
144,ADE-related
145,ADE-related
146,not ADE-related
147,not ADE-related
148,not ADE-related
149,ADE-related
150,not ADE-related
151,not ADE-related
152,not ADE-related
153,not ADE-related
154,not ADE-related
155,ADE-related
156,not ADE-related
157,not ADE-related
158,not ADE-related
159,not ADE-related
160,ADE-related
161,ADE-related
162,ADE-related
163,not ADE-related
164,ADE-related
165,ADE-related
166,not ADE-related
167,ADE-related
168,not ADE-related
169,not ADE-related
170,not ADE-related
171,ADE-related
172,ADE-related
173,not ADE-related
174,not ADE-related
175,not ADE-related
176,ADE-related
177,ADE-related
178,not ADE-related
179,ADE-related
180,not ADE-related
181,ADE-related
182,not ADE-related
183,not ADE-related
184,not ADE-related
185,not ADE-related
186,not ADE-related
187,not ADE-related
188,not ADE-related
189,not ADE-related
190,not ADE-related
191,ADE-related
192,ADE-related
193,not ADE-related
194,not ADE-related
195,not ADE-related
196,not ADE-related
197,not ADE-related
198,ADE-related
199,ADE-related
200,ADE-related
201,ADE-related
202,ADE-related
203,ADE-related
204,not ADE-related
205,ADE-related
206,not ADE-related
207,not ADE-related
208,ADE-related
209,ADE-related
210,not ADE-related
211,not ADE-related
212,not ADE-related
213,not ADE-related
214,not ADE-related
215,not ADE-related
216,not ADE-related
217,not ADE-related
218,not ADE-related
219,ADE-related
220,ADE-related
221,ADE-related
222,ADE-related
223,ADE-related
224,not ADE-related
225,not ADE-related
226,not ADE-related
227,ADE-related
228,ADE-related
229,not ADE-related
230,not ADE-related
231,not ADE-related
232,not ADE-related
233,ADE-related
234,not ADE-related
235,not ADE-related
236,not ADE-related
237,ADE-related
238,not ADE-related
239,not ADE-related
240,ADE-related
241,ADE-related
242,ADE-related
243,not ADE-related
244,not ADE-related
245,ADE-related
246,not ADE-related
247,not ADE-related
248,not ADE-related
249,not ADE-related
250,ADE-related
251,not ADE-related
252,not ADE-related
253,not ADE-related
254,ADE-related
255,ADE-related
256,not ADE-related
257,not ADE-related
258,not ADE-related
259,not ADE-related
260,not ADE-related
261,ADE-related
262,not ADE-related
263,ADE-related
264,ADE-related
265,not ADE-related
266,ADE-related
267,not ADE-related
268,ADE-related
269,ADE-related
270,ADE-related
271,not ADE-related
272,not ADE-related
273,ADE-related
274,ADE-related
275,not ADE-related
276,not ADE-related
277,not ADE-related
278,ADE-related
279,not ADE-related
280,not ADE-related
281,not ADE-related
282,ADE-related
283,not ADE-related
284,not ADE-related
285,not ADE-related
286,ADE-related
287,not ADE-related
288,ADE-related
289,ADE-related
290,not ADE-related
291,not ADE-related
292,ADE-related
293,ADE-related
294,ADE-related
295,ADE-related
296,ADE-related
297,not ADE-related
298,not ADE-related
299,not ADE-related
300,ADE-related
301,ADE-related
302,not ADE-related
303,not ADE-related
304,ADE-related
305,not ADE-related
306,not ADE-related
307,ADE-related
308,not ADE-related
309,not ADE-related
310,not ADE-related
311,ADE-related
312,not ADE-related
313,not ADE-related
314,not ADE-related
315,not ADE-related
316,not ADE-related
317,not ADE-related
318,not ADE-related
319,not ADE-related
320,ADE-related
321,not ADE-related
322,not ADE-related
323,not ADE-related
324,not ADE-related
325,not ADE-related
326,not ADE-related
327,ADE-related
328,ADE-related
329,ADE-related
330,not ADE-related
331,not ADE-related
332,ADE-related
333,not ADE-related
334,ADE-related
335,not ADE-related
336,not ADE-related
337,ADE-related
338,ADE-related
339,ADE-related
340,not ADE-related
341,not ADE-related
342,not ADE-related
343,ADE-related
344,not ADE-related
345,ADE-related
346,not ADE-related
347,ADE-related
348,ADE-related
349,not ADE-related
350,not ADE-related
351,not ADE-related
352,not ADE-related
353,ADE-related
354,not ADE-related
355,not ADE-related
356,not ADE-related
357,not ADE-related
358,not ADE-related
359,not ADE-related
360,not ADE-related
361,ADE-related
362,ADE-related
363,not ADE-related
364,ADE-related
365,not ADE-related
366,not ADE-related
367,not ADE-related
368,not ADE-related
369,not ADE-related
370,not ADE-related
371,not ADE-related
372,not ADE-related
373,ADE-related
374,ADE-related
375,not ADE-related
376,ADE-related
377,not ADE-related
378,not ADE-related
379,ADE-related
380,not ADE-related
381,ADE-related
382,not ADE-related
383,not ADE-related
384,not ADE-related
385,not ADE-related
386,not ADE-related
387,ADE-related
388,ADE-related
389,ADE-related
390,ADE-related
391,not ADE-related
392,not ADE-related
393,ADE-related
394,ADE-related
395,not ADE-related
396,not ADE-related
397,not ADE-related
398,ADE-related
399,ADE-related
400,not ADE-related
401,ADE-related
402,ADE-related
403,not ADE-related
404,not ADE-related
405,not ADE-related
406,not ADE-related
407,not ADE-related
408,not ADE-related
409,ADE-related
410,ADE-related
411,not ADE-related
412,not ADE-related
413,ADE-related
414,not ADE-related
415,not ADE-related
416,not ADE-related
417,not ADE-related
418,not ADE-related
419,ADE-related
420,not ADE-related
421,not ADE-related
422,ADE-related
423,not ADE-related
424,not ADE-related
425,not ADE-related
426,not ADE-related
427,not ADE-related
428,not ADE-related
429,not ADE-related
430,not ADE-related
431,not ADE-related
432,ADE-related
433,ADE-related
434,ADE-related
435,not ADE-related
436,not ADE-related
437,not ADE-related
438,not ADE-related
439,not ADE-related
440,not ADE-related
441,ADE-related
442,not ADE-related
443,not ADE-related
444,ADE-related
445,not ADE-related
446,not ADE-related
447,not ADE-related
448,not ADE-related
449,not ADE-related
450,ADE-related
451,not ADE-related
452,ADE-related
453,ADE-related
454,not ADE-related
455,ADE-related
456,not ADE-related
457,not ADE-related
458,not ADE-related
459,not ADE-related
460,ADE-related
461,not ADE-related
462,not ADE-related
463,not ADE-related
464,not ADE-related
465,ADE-related
466,ADE-related
467,not ADE-related
468,not ADE-related
469,not ADE-related
470,ADE-related
471,not ADE-related
472,ADE-related
473,not ADE-related
474,ADE-related
475,not ADE-related
476,ADE-related
477,not ADE-related
478,not ADE-related
479,ADE-related
480,not ADE-related
481,not ADE-related
482,ADE-related
483,ADE-related
484,ADE-related
485,ADE-related
486,ADE-related
487,ADE-related
488,not ADE-related
489,not ADE-related
490,not ADE-related
491,ADE-related
492,not ADE-related
493,ADE-related
494,ADE-related
495,not ADE-related
496,not ADE-related
497,not ADE-related
498,not ADE-related
499,not ADE-related
500,not ADE-related
501,not ADE-related
502,not ADE-related
503,ADE-related
504,not ADE-related
505,not ADE-related
506,not ADE-related
507,not ADE-related
508,ADE-related
509,not ADE-related
510,ADE-related
511,not ADE-related
512,ADE-related
513,ADE-related
514,not ADE-related
515,not ADE-related
516,ADE-related
517,ADE-related
518,ADE-related
519,not ADE-related
520,not ADE-related
521,not ADE-related
522,ADE-related
523,ADE-related
524,not ADE-related
525,not ADE-related
526,not ADE-related
527,ADE-related
528,not ADE-related
529,ADE-related
530,ADE-related
531,ADE-related
532,ADE-related
533,not ADE-related
534,not ADE-related
535,not ADE-related
536,not ADE-related
537,not ADE-related
538,ADE-related
539,ADE-related
540,ADE-related
541,not ADE-related
542,ADE-related
543,ADE-related
544,ADE-related
545,not ADE-related
546,ADE-related
547,ADE-related
548,ADE-related
549,ADE-related
550,not ADE-related
551,not ADE-related
552,not ADE-related
553,not ADE-related
554,not ADE-related
555,not ADE-related
556,not ADE-related
557,not ADE-related
558,ADE-related
559,not ADE-related
560,not ADE-related
561,ADE-related
562,not ADE-related
563,ADE-related
564,not ADE-related
565,not ADE-related
566,not ADE-related
567,ADE-related
568,not ADE-related
569,not ADE-related
570,not ADE-related
571,ADE-related
572,ADE-related
573,ADE-related
574,ADE-related
575,not ADE-related
576,ADE-related
577,not ADE-related
578,not ADE-related
579,ADE-related
580,not ADE-related
581,not ADE-related
582,ADE-related
583,not ADE-related
584,not ADE-related
585,not ADE-related
586,not ADE-related
587,ADE-related
588,not ADE-related
589,not ADE-related
590,not ADE-related
591,ADE-related
592,not ADE-related
593,ADE-related
594,not ADE-related
595,not ADE-related
596,not ADE-related
597,not ADE-related
598,ADE-related
599,not ADE-related
600,ADE-related
601,ADE-related
602,ADE-related
603,not ADE-related
604,ADE-related
605,not ADE-related
606,ADE-related
607,not ADE-related
608,not ADE-related
609,not ADE-related
610,not ADE-related
611,not ADE-related
612,ADE-related
613,ADE-related
614,not ADE-related
615,not ADE-related
616,ADE-related
617,ADE-related
618,ADE-related
619,not ADE-related
620,ADE-related
621,ADE-related
622,ADE-related
623,ADE-related
624,ADE-related
625,ADE-related
626,not ADE-related
627,ADE-related
628,not ADE-related
629,not ADE-related
630,ADE-related
631,not ADE-related
632,not ADE-related
633,not ADE-related
634,ADE-related
635,ADE-related
636,not ADE-related
637,ADE-related
638,not ADE-related
639,ADE-related
640,not ADE-related
641,not ADE-related
642,ADE-related
643,ADE-related
644,not ADE-related
645,not ADE-related
646,not ADE-related
647,ADE-related
648,not ADE-related
649,not ADE-related
650,not ADE-related
651,not ADE-related
652,not ADE-related
653,ADE-related
654,not ADE-related
655,not ADE-related
656,not ADE-related
657,not ADE-related
658,not ADE-related
659,ADE-related
660,ADE-related
661,not ADE-related
662,ADE-related
663,ADE-related
664,not ADE-related
665,not ADE-related
666,ADE-related
667,not ADE-related
668,not ADE-related
669,not ADE-related
670,not ADE-related
671,ADE-related
672,ADE-related
673,ADE-related
674,not ADE-related
675,not ADE-related
676,not ADE-related
677,ADE-related
678,ADE-related
679,ADE-related
680,ADE-related
681,not ADE-related
682,not ADE-related
683,not ADE-related
684,not ADE-related
685,ADE-related
686,not ADE-related
687,ADE-related
688,not ADE-related
689,ADE-related
690,ADE-related
691,not ADE-related
692,ADE-related
693,ADE-related
694,not ADE-related
695,not ADE-related
696,not ADE-related
697,not ADE-related
698,ADE-related
699,not ADE-related
700,not ADE-related
701,not ADE-related
702,not ADE-related
703,not ADE-related
704,not ADE-related
705,not ADE-related
706,not ADE-related
707,not ADE-related
708,ADE-related
709,ADE-related
710,ADE-related
711,ADE-related
712,not ADE-related
713,ADE-related
714,not ADE-related
715,not ADE-related
716,ADE-related
717,ADE-related
718,not ADE-related
719,not ADE-related
720,not ADE-related
721,not ADE-related
722,not ADE-related
723,not ADE-related
724,ADE-related
725,ADE-related
726,ADE-related
727,not ADE-related
728,ADE-related
729,ADE-related
730,not ADE-related
731,not ADE-related
732,ADE-related
733,not ADE-related
734,ADE-related
735,not ADE-related
736,ADE-related
737,ADE-related
738,not ADE-related
739,ADE-related
740,not ADE-related
741,ADE-related
742,ADE-related
743,not ADE-related
744,ADE-related
745,not ADE-related
746,not ADE-related
747,not ADE-related
748,not ADE-related
749,not ADE-related
750,not ADE-related
751,not ADE-related
752,ADE-related
753,not ADE-related
754,not ADE-related
755,not ADE-related
756,not ADE-related
757,not ADE-related
758,ADE-related
759,not ADE-related
760,ADE-related
761,ADE-related
762,not ADE-related
763,ADE-related
764,not ADE-related
765,ADE-related
766,ADE-related
767,not ADE-related
768,not ADE-related
769,ADE-related
770,not ADE-related
771,ADE-related
772,not ADE-related
773,not ADE-related
774,ADE-related
775,not ADE-related
776,not ADE-related
777,ADE-related
778,ADE-related
779,ADE-related
780,ADE-related
781,not ADE-related
782,not ADE-related
783,not ADE-related
784,not ADE-related
785,not ADE-related
786,not ADE-related
787,not ADE-related
788,not ADE-related
789,not ADE-related
790,ADE-related
791,not ADE-related
792,ADE-related
793,ADE-related
794,ADE-related
795,ADE-related
796,not ADE-related
797,ADE-related
798,not ADE-related
799,ADE-related
800,not ADE-related
801,ADE-related
802,not ADE-related
803,not ADE-related
804,not ADE-related
805,ADE-related
806,ADE-related
807,not ADE-related
808,ADE-related
809,not ADE-related
810,not ADE-related
811,ADE-related
812,not ADE-related
813,not ADE-related
814,not ADE-related
815,not ADE-related
816,not ADE-related
817,not ADE-related
818,not ADE-related
819,not ADE-related
820,not ADE-related
821,ADE-related
822,not ADE-related
823,not ADE-related
824,not ADE-related
825,not ADE-related
826,ADE-related
827,not ADE-related
828,not ADE-related
829,ADE-related
830,ADE-related
831,not ADE-related
832,not ADE-related
833,not ADE-related
834,not ADE-related
835,not ADE-related
836,not ADE-related
837,not ADE-related
838,ADE-related
839,not ADE-related
840,ADE-related
841,not ADE-related
842,ADE-related
843,not ADE-related
844,ADE-related
845,not ADE-related
846,not ADE-related
847,not ADE-related
848,ADE-related
849,not ADE-related
850,not ADE-related
851,not ADE-related
852,not ADE-related
853,ADE-related
854,not ADE-related
855,not ADE-related
856,not ADE-related
857,not ADE-related
858,not ADE-related
859,not ADE-related
860,ADE-related
861,ADE-related
862,not ADE-related
863,not ADE-related
864,not ADE-related
865,not ADE-related
866,not ADE-related
867,not ADE-related
868,ADE-related
869,ADE-related
870,ADE-related
871,not ADE-related
872,ADE-related
873,not ADE-related
874,ADE-related
875,not ADE-related
876,ADE-related
877,ADE-related
878,not ADE-related
879,ADE-related
880,not ADE-related
881,not ADE-related
882,not ADE-related
883,not ADE-related
884,not ADE-related
885,not ADE-related
886,not ADE-related
887,not ADE-related
888,not ADE-related
889,not ADE-related
890,ADE-related
891,ADE-related
892,not ADE-related
893,ADE-related
894,ADE-related
895,ADE-related
896,not ADE-related
897,not ADE-related
898,ADE-related
899,ADE-related
900,not ADE-related
901,not ADE-related
902,not ADE-related
903,ADE-related
904,not ADE-related
905,ADE-related
906,not ADE-related
907,ADE-related
908,ADE-related
909,ADE-related
910,ADE-related
911,not ADE-related
912,not ADE-related
913,ADE-related
914,ADE-related
915,ADE-related
916,ADE-related
917,not ADE-related
918,ADE-related
919,not ADE-related
920,ADE-related
921,not ADE-related
922,ADE-related
923,not ADE-related
924,ADE-related
925,not ADE-related
926,not ADE-related
927,not ADE-related
928,ADE-related
929,not ADE-related
930,ADE-related
931,not ADE-related
932,ADE-related
933,not ADE-related
934,ADE-related
935,not ADE-related
936,not ADE-related
937,ADE-related
938,not ADE-related
939,not ADE-related
940,not ADE-related
941,not ADE-related
942,not ADE-related
943,ADE-related
944,not ADE-related
945,not ADE-related
946,not ADE-related
947,not ADE-related
948,ADE-related
949,ADE-related
950,not ADE-related
951,not ADE-related
952,not ADE-related
953,ADE-related
954,not ADE-related
955,ADE-related
956,ADE-related
957,not ADE-related
958,ADE-related
959,ADE-related
960,not ADE-related
961,not ADE-related
962,ADE-related
963,not ADE-related
964,ADE-related
965,ADE-related
966,not ADE-related
967,ADE-related
968,ADE-related
969,ADE-related
970,ADE-related
971,not ADE-related
972,not ADE-related
973,not ADE-related
974,not ADE-related
975,not ADE-related
976,not ADE-related
977,not ADE-related
978,ADE-related
979,ADE-related
980,not ADE-related
981,ADE-related
982,not ADE-related
983,not ADE-related
984,ADE-related
985,ADE-related
986,ADE-related
987,not ADE-related
988,not ADE-related
989,not ADE-related
990,not ADE-related
991,ADE-related
992,not ADE-related
993,ADE-related
994,not ADE-related
995,ADE-related
996,ADE-related
997,ADE-related
998,not ADE-related
999,ADE-related
1000,not ADE-related
1001,not ADE-related
1002,not ADE-related
1003,not ADE-related
1004,not ADE-related
1005,not ADE-related
1006,not ADE-related
1007,ADE-related
1008,not ADE-related
1009,not ADE-related
1010,not ADE-related
1011,not ADE-related
1012,not ADE-related
1013,not ADE-related
1014,ADE-related
1015,ADE-related
1016,not ADE-related
1017,ADE-related
1018,ADE-related
1019,ADE-related
1020,not ADE-related
1021,not ADE-related
1022,ADE-related
1023,not ADE-related
1024,not ADE-related
1025,not ADE-related
1026,not ADE-related
1027,not ADE-related
1028,not ADE-related
1029,not ADE-related
1030,not ADE-related
1031,not ADE-related
1032,ADE-related
1033,not ADE-related
1034,not ADE-related
1035,not ADE-related
1036,ADE-related
1037,ADE-related
1038,ADE-related
1039,not ADE-related
1040,ADE-related
1041,ADE-related
1042,not ADE-related
1043,not ADE-related
1044,ADE-related
1045,not ADE-related
1046,ADE-related
1047,not ADE-related
1048,not ADE-related
1049,not ADE-related
1050,not ADE-related
1051,not ADE-related
1052,not ADE-related
1053,ADE-related
1054,not ADE-related
1055,ADE-related
1056,not ADE-related
1057,not ADE-related
1058,not ADE-related
1059,not ADE-related
1060,ADE-related
1061,not ADE-related
1062,not ADE-related
1063,ADE-related
1064,ADE-related
1065,not ADE-related
1066,ADE-related
1067,not ADE-related
1068,not ADE-related
1069,ADE-related
1070,ADE-related
1071,ADE-related
1072,not ADE-related
1073,ADE-related
1074,not ADE-related
1075,not ADE-related
1076,not ADE-related
1077,not ADE-related
1078,not ADE-related
1079,not ADE-related
1080,not ADE-related
1081,not ADE-related
1082,not ADE-related
1083,not ADE-related
1084,ADE-related
1085,ADE-related
1086,not ADE-related
1087,ADE-related
1088,not ADE-related
1089,not ADE-related
1090,not ADE-related
1091,ADE-related
1092,not ADE-related
1093,ADE-related
1094,ADE-related
1095,not ADE-related
1096,ADE-related
1097,ADE-related
1098,not ADE-related
1099,not ADE-related
1100,not ADE-related
1101,not ADE-related
1102,ADE-related
1103,not ADE-related
1104,ADE-related
1105,not ADE-related
1106,not ADE-related
1107,not ADE-related
1108,ADE-related
1109,not ADE-related
1110,ADE-related
1111,not ADE-related
1112,ADE-related
1113,not ADE-related
1114,ADE-related
1115,ADE-related
1116,not ADE-related
1117,ADE-related
1118,not ADE-related
1119,ADE-related
1120,ADE-related
1121,not ADE-related
1122,ADE-related
1123,not ADE-related
1124,ADE-related
1125,ADE-related
1126,not ADE-related
1127,ADE-related
1128,not ADE-related
1129,not ADE-related
1130,ADE-related
1131,not ADE-related
1132,ADE-related
1133,ADE-related
1134,not ADE-related
1135,ADE-related
1136,ADE-related
1137,ADE-related
1138,not ADE-related
1139,ADE-related
1140,ADE-related
1141,not ADE-related
1142,ADE-related
1143,ADE-related
1144,not ADE-related
1145,not ADE-related
1146,ADE-related
1147,ADE-related
1148,ADE-related
1149,ADE-related
1150,not ADE-related
1151,not ADE-related
1152,not ADE-related
1153,ADE-related
1154,not ADE-related
1155,not ADE-related
1156,ADE-related
1157,not ADE-related
1158,not ADE-related
1159,not ADE-related
1160,ADE-related
1161,ADE-related
1162,not ADE-related
1163,ADE-related
1164,ADE-related
1165,not ADE-related
1166,not ADE-related
1167,not ADE-related
1168,not ADE-related
1169,not ADE-related
1170,not ADE-related
1171,not ADE-related
1172,not ADE-related
1173,not ADE-related
1174,not ADE-related
1175,ADE-related
1176,ADE-related
1177,not ADE-related
1178,not ADE-related
1179,not ADE-related
1180,not ADE-related
1181,not ADE-related
1182,not ADE-related
1183,not ADE-related
1184,not ADE-related
1185,not ADE-related
1186,ADE-related
1187,not ADE-related
1188,not ADE-related
1189,not ADE-related
1190,not ADE-related
1191,ADE-related
1192,ADE-related
1193,not ADE-related
1194,not ADE-related
1195,ADE-related
1196,not ADE-related
1197,not ADE-related
1198,not ADE-related
1199,ADE-related
1200,ADE-related
1201,not ADE-related
1202,ADE-related
1203,ADE-related
1204,not ADE-related
1205,ADE-related
1206,ADE-related
1207,ADE-related
1208,ADE-related
1209,not ADE-related
1210,not ADE-related
1211,not ADE-related
1212,ADE-related
1213,not ADE-related
1214,ADE-related
1215,ADE-related
1216,not ADE-related
1217,not ADE-related
1218,not ADE-related
1219,not ADE-related
1220,not ADE-related
1221,ADE-related
1222,ADE-related
1223,not ADE-related
1224,ADE-related
1225,not ADE-related
1226,ADE-related
1227,not ADE-related
1228,not ADE-related
1229,not ADE-related
1230,ADE-related
1231,not ADE-related
1232,not ADE-related
1233,not ADE-related
1234,ADE-related
1235,not ADE-related
1236,not ADE-related
1237,not ADE-related
1238,ADE-related
1239,not ADE-related
1240,not ADE-related
1241,not ADE-related
1242,not ADE-related
1243,not ADE-related
1244,ADE-related
1245,not ADE-related
1246,not ADE-related
1247,not ADE-related
1248,not ADE-related
1249,not ADE-related
1250,not ADE-related
1251,not ADE-related
1252,ADE-related
1253,not ADE-related
1254,not ADE-related
1255,not ADE-related
1256,ADE-related
1257,not ADE-related
1258,not ADE-related
1259,not ADE-related
1260,ADE-related
1261,not ADE-related
1262,not ADE-related
1263,not ADE-related
1264,not ADE-related
1265,not ADE-related
1266,ADE-related
1267,ADE-related
1268,not ADE-related
1269,not ADE-related
1270,not ADE-related
1271,not ADE-related
1272,not ADE-related
1273,not ADE-related
1274,not ADE-related
1275,not ADE-related
1276,not ADE-related
1277,ADE-related
1278,ADE-related
1279,ADE-related
1280,not ADE-related
1281,not ADE-related
1282,not ADE-related
1283,not ADE-related
1284,not ADE-related
1285,ADE-related
1286,ADE-related
1287,ADE-related
1288,not ADE-related
1289,not ADE-related
1290,ADE-related
1291,ADE-related
1292,not ADE-related
1293,ADE-related
1294,not ADE-related
1295,not ADE-related
1296,not ADE-related
1297,not ADE-related
1298,ADE-related
1299,not ADE-related
1300,not ADE-related
1301,not ADE-related
1302,not ADE-related
1303,not ADE-related
1304,not ADE-related
1305,not ADE-related
1306,not ADE-related
1307,not ADE-related
1308,not ADE-related
1309,not ADE-related
1310,not ADE-related
1311,ADE-related
1312,not ADE-related
1313,ADE-related
1314,not ADE-related
1315,not ADE-related
1316,not ADE-related
1317,not ADE-related
1318,not ADE-related
1319,not ADE-related
1320,not ADE-related
1321,not ADE-related
1322,ADE-related
1323,ADE-related
1324,not ADE-related
1325,not ADE-related
1326,not ADE-related
1327,ADE-related
1328,not ADE-related
1329,ADE-related
1330,ADE-related
1331,not ADE-related
1332,not ADE-related
1333,not ADE-related
1334,ADE-related
1335,not ADE-related
1336,ADE-related
1337,not ADE-related
1338,not ADE-related
1339,not ADE-related
1340,ADE-related
1341,ADE-related
1342,ADE-related
1343,ADE-related
1344,ADE-related
1345,not ADE-related
1346,ADE-related
1347,not ADE-related
1348,not ADE-related
1349,ADE-related
1350,ADE-related
1351,not ADE-related
1352,not ADE-related
1353,ADE-related
1354,not ADE-related
1355,ADE-related
1356,ADE-related
1357,not ADE-related
1358,not ADE-related
1359,not ADE-related
1360,ADE-related
1361,not ADE-related
1362,not ADE-related
1363,ADE-related
1364,not ADE-related
1365,not ADE-related
1366,ADE-related
1367,ADE-related
1368,not ADE-related
1369,not ADE-related
1370,not ADE-related
1371,not ADE-related
1372,not ADE-related
1373,ADE-related
1374,ADE-related
1375,ADE-related
1376,not ADE-related
1377,not ADE-related
1378,ADE-related
1379,not ADE-related
1380,not ADE-related
1381,ADE-related
1382,not ADE-related
1383,not ADE-related
1384,not ADE-related
1385,ADE-related
1386,ADE-related
1387,not ADE-related
1388,not ADE-related
1389,ADE-related
1390,not ADE-related
1391,not ADE-related
1392,ADE-related
1393,not ADE-related
1394,not ADE-related
1395,not ADE-related
1396,not ADE-related
1397,not ADE-related
1398,not ADE-related
1399,not ADE-related
1400,ADE-related
1401,not ADE-related
1402,not ADE-related
1403,ADE-related
1404,ADE-related
1405,not ADE-related
1406,ADE-related
1407,ADE-related
1408,ADE-related
1409,not ADE-related
1410,not ADE-related
1411,not ADE-related
1412,not ADE-related
1413,not ADE-related
1414,not ADE-related
1415,not ADE-related
1416,not ADE-related
1417,not ADE-related
1418,not ADE-related
1419,not ADE-related
1420,not ADE-related
1421,ADE-related
1422,ADE-related
1423,not ADE-related
1424,ADE-related
1425,ADE-related
1426,ADE-related
1427,ADE-related
1428,ADE-related
1429,ADE-related
1430,not ADE-related
1431,ADE-related
1432,ADE-related
1433,ADE-related
1434,not ADE-related
1435,not ADE-related
1436,ADE-related
1437,ADE-related
1438,not ADE-related
1439,not ADE-related
1440,not ADE-related
1441,ADE-related
1442,ADE-related
1443,ADE-related
1444,not ADE-related
1445,not ADE-related
1446,ADE-related
1447,not ADE-related
1448,not ADE-related
1449,ADE-related
1450,not ADE-related
1451,not ADE-related
1452,ADE-related
1453,not ADE-related
1454,not ADE-related
1455,not ADE-related
1456,not ADE-related
1457,not ADE-related
1458,not ADE-related
1459,not ADE-related
1460,not ADE-related
1461,ADE-related
1462,not ADE-related
1463,ADE-related
1464,not ADE-related
1465,not ADE-related
1466,not ADE-related
1467,ADE-related
1468,ADE-related
1469,not ADE-related
1470,ADE-related
1471,not ADE-related
1472,ADE-related
1473,not ADE-related
1474,not ADE-related
1475,ADE-related
1476,not ADE-related
1477,ADE-related
1478,ADE-related
1479,ADE-related
1480,not ADE-related
1481,ADE-related
1482,ADE-related
1483,ADE-related
1484,not ADE-related
1485,not ADE-related
1486,ADE-related
1487,not ADE-related
1488,ADE-related
1489,not ADE-related
1490,not ADE-related
1491,ADE-related
1492,ADE-related
1493,ADE-related
1494,not ADE-related
1495,not ADE-related
1496,ADE-related
1497,ADE-related
1498,not ADE-related
1499,ADE-related
1500,not ADE-related
1501,ADE-related
1502,not ADE-related
1503,not ADE-related
1504,not ADE-related
1505,not ADE-related
1506,not ADE-related
1507,ADE-related
1508,not ADE-related
1509,not ADE-related
1510,ADE-related
1511,ADE-related
1512,not ADE-related
1513,not ADE-related
1514,not ADE-related
1515,not ADE-related
1516,not ADE-related
1517,not ADE-related
1518,ADE-related
1519,not ADE-related
1520,not ADE-related
1521,ADE-related
1522,ADE-related
1523,ADE-related
1524,not ADE-related
1525,not ADE-related
1526,ADE-related
1527,not ADE-related
1528,not ADE-related
1529,ADE-related
1530,not ADE-related
1531,not ADE-related
1532,ADE-related
1533,ADE-related
1534,not ADE-related
1535,ADE-related
1536,ADE-related
1537,not ADE-related
1538,not ADE-related
1539,not ADE-related
1540,not ADE-related
1541,not ADE-related
1542,not ADE-related
1543,ADE-related
1544,not ADE-related
1545,not ADE-related
1546,not ADE-related
1547,ADE-related
1548,not ADE-related
1549,not ADE-related
1550,not ADE-related
1551,not ADE-related
1552,not ADE-related
1553,ADE-related
1554,not ADE-related
1555,not ADE-related
1556,not ADE-related
1557,ADE-related
1558,ADE-related
1559,ADE-related
1560,not ADE-related
1561,not ADE-related
1562,not ADE-related
1563,ADE-related
1564,ADE-related
1565,not ADE-related
1566,not ADE-related
1567,ADE-related
1568,ADE-related
1569,ADE-related
1570,not ADE-related
1571,ADE-related
1572,not ADE-related
1573,not ADE-related
1574,not ADE-related
1575,ADE-related
1576,not ADE-related
1577,not ADE-related
1578,ADE-related
1579,ADE-related
1580,ADE-related
1581,ADE-related
1582,not ADE-related
1583,ADE-related
1584,not ADE-related
1585,not ADE-related
1586,ADE-related
1587,not ADE-related
1588,not ADE-related
1589,ADE-related
1590,not ADE-related
1591,not ADE-related
1592,not ADE-related
1593,ADE-related
1594,ADE-related
1595,not ADE-related
1596,not ADE-related
1597,not ADE-related
1598,ADE-related
1599,not ADE-related
1600,ADE-related
1601,not ADE-related
1602,ADE-related
1603,ADE-related
1604,ADE-related
1605,ADE-related
1606,not ADE-related
1607,not ADE-related
1608,not ADE-related
1609,ADE-related
1610,ADE-related
1611,ADE-related
1612,not ADE-related
1613,not ADE-related
1614,ADE-related
1615,ADE-related
1616,ADE-related
1617,not ADE-related
1618,not ADE-related
1619,not ADE-related
1620,not ADE-related
1621,ADE-related
1622,not ADE-related
1623,not ADE-related
1624,ADE-related
1625,not ADE-related
1626,ADE-related
1627,ADE-related
1628,not ADE-related
1629,not ADE-related
1630,ADE-related
1631,not ADE-related
1632,ADE-related
1633,ADE-related
1634,not ADE-related
1635,ADE-related
1636,ADE-related
1637,not ADE-related
1638,not ADE-related
1639,not ADE-related
1640,ADE-related
1641,ADE-related
1642,not ADE-related
1643,ADE-related
1644,ADE-related
1645,ADE-related
1646,ADE-related
1647,not ADE-related
1648,ADE-related
1649,not ADE-related
1650,not ADE-related
1651,ADE-related
1652,ADE-related
1653,ADE-related
1654,not ADE-related
1655,not ADE-related
1656,ADE-related
1657,ADE-related
1658,not ADE-related
1659,ADE-related
1660,not ADE-related
1661,not ADE-related
1662,not ADE-related
1663,ADE-related
1664,ADE-related
1665,ADE-related
1666,not ADE-related
1667,not ADE-related
1668,not ADE-related
1669,ADE-related
1670,not ADE-related
1671,ADE-related
1672,not ADE-related
1673,not ADE-related
1674,ADE-related
1675,not ADE-related
1676,ADE-related
1677,not ADE-related
1678,ADE-related
1679,not ADE-related
1680,not ADE-related
1681,ADE-related
1682,ADE-related
1683,ADE-related
1684,not ADE-related
1685,not ADE-related
1686,ADE-related
1687,not ADE-related
1688,ADE-related
1689,not ADE-related
1690,ADE-related
1691,not ADE-related
1692,not ADE-related
1693,not ADE-related
1694,ADE-related
1695,ADE-related
1696,not ADE-related
1697,not ADE-related
1698,not ADE-related
1699,not ADE-related
1700,not ADE-related
1701,ADE-related
1702,not ADE-related
1703,not ADE-related
1704,ADE-related
1705,ADE-related
1706,not ADE-related
1707,not ADE-related
1708,not ADE-related
1709,ADE-related
1710,not ADE-related
1711,not ADE-related
1712,ADE-related
1713,ADE-related
1714,ADE-related
1715,not ADE-related
1716,not ADE-related
1717,not ADE-related
1718,not ADE-related
1719,ADE-related
1720,not ADE-related
1721,not ADE-related
1722,not ADE-related
1723,not ADE-related
1724,not ADE-related
1725,not ADE-related
1726,not ADE-related
1727,ADE-related
1728,ADE-related
1729,not ADE-related
1730,not ADE-related
1731,not ADE-related
1732,not ADE-related
1733,not ADE-related
1734,not ADE-related
1735,ADE-related
1736,ADE-related
1737,ADE-related
1738,not ADE-related
1739,not ADE-related
1740,ADE-related
1741,not ADE-related
1742,not ADE-related
1743,not ADE-related
1744,not ADE-related
1745,not ADE-related
1746,not ADE-related
1747,not ADE-related
1748,ADE-related
1749,not ADE-related
1750,ADE-related
1751,not ADE-related
1752,not ADE-related
1753,ADE-related
1754,not ADE-related
1755,ADE-related
1756,not ADE-related
1757,not ADE-related
1758,ADE-related
1759,ADE-related
1760,not ADE-related
1761,ADE-related
1762,not ADE-related
1763,ADE-related
1764,ADE-related
1765,not ADE-related
1766,not ADE-related
1767,ADE-related
1768,not ADE-related
1769,not ADE-related
1770,ADE-related
1771,not ADE-related
1772,not ADE-related
1773,not ADE-related
1774,ADE-related
1775,ADE-related
1776,ADE-related
1777,not ADE-related
1778,not ADE-related
1779,not ADE-related
1780,not ADE-related
1781,ADE-related
1782,ADE-related
1783,not ADE-related
1784,not ADE-related
1785,ADE-related
1786,ADE-related
1787,not ADE-related
1788,not ADE-related
1789,not ADE-related
1790,ADE-related
1791,ADE-related
1792,not ADE-related
1793,not ADE-related
1794,not ADE-related
1795,not ADE-related
1796,not ADE-related
1797,ADE-related
1798,ADE-related
1799,ADE-related
1800,ADE-related
1801,not ADE-related
1802,ADE-related
1803,not ADE-related
1804,not ADE-related
1805,not ADE-related
1806,not ADE-related
1807,ADE-related
1808,not ADE-related
1809,ADE-related
1810,ADE-related
1811,not ADE-related
1812,not ADE-related
1813,ADE-related
1814,ADE-related
1815,ADE-related
1816,ADE-related
1817,not ADE-related
1818,ADE-related
1819,not ADE-related
1820,not ADE-related
1821,not ADE-related
1822,not ADE-related
1823,not ADE-related
1824,not ADE-related
1825,not ADE-related
1826,not ADE-related
1827,ADE-related
1828,not ADE-related
1829,not ADE-related
1830,ADE-related
1831,not ADE-related
1832,not ADE-related
1833,not ADE-related
1834,not ADE-related
1835,ADE-related
1836,ADE-related
1837,not ADE-related
1838,ADE-related
1839,ADE-related
1840,not ADE-related
1841,ADE-related
1842,ADE-related
1843,not ADE-related
1844,not ADE-related
1845,ADE-related
1846,not ADE-related
1847,not ADE-related
1848,not ADE-related
1849,ADE-related
1850,not ADE-related
1851,not ADE-related
1852,not ADE-related
1853,not ADE-related
1854,ADE-related
1855,ADE-related
1856,ADE-related
1857,not ADE-related
1858,not ADE-related
1859,not ADE-related
1860,not ADE-related
1861,not ADE-related
1862,not ADE-related
1863,ADE-related
1864,not ADE-related
1865,not ADE-related
1866,ADE-related
1867,not ADE-related
1868,ADE-related
1869,not ADE-related
1870,not ADE-related
1871,not ADE-related
1872,ADE-related
1873,ADE-related
1874,ADE-related
1875,not ADE-related
1876,not ADE-related
1877,ADE-related
1878,ADE-related
1879,not ADE-related
1880,not ADE-related
1881,not ADE-related
1882,not ADE-related
1883,not ADE-related
1884,ADE-related
1885,not ADE-related
1886,not ADE-related
1887,ADE-related
1888,not ADE-related
1889,ADE-related
1890,not ADE-related
1891,not ADE-related
1892,not ADE-related
1893,not ADE-related
1894,not ADE-related
1895,not ADE-related
1896,not ADE-related
1897,not ADE-related
1898,not ADE-related
1899,ADE-related
1900,ADE-related
1901,not ADE-related
1902,ADE-related
1903,not ADE-related
1904,not ADE-related
1905,ADE-related
1906,ADE-related
1907,ADE-related
1908,ADE-related
1909,not ADE-related
1910,ADE-related
1911,ADE-related
1912,not ADE-related
1913,not ADE-related
1914,not ADE-related
1915,ADE-related
1916,ADE-related
1917,not ADE-related
1918,ADE-related
1919,not ADE-related
1920,not ADE-related
1921,ADE-related
1922,not ADE-related
1923,ADE-related
1924,not ADE-related
1925,not ADE-related
1926,not ADE-related
1927,not ADE-related
1928,not ADE-related
1929,not ADE-related
1930,not ADE-related
1931,not ADE-related
1932,not ADE-related
1933,ADE-related
1934,not ADE-related
1935,not ADE-related
1936,not ADE-related
1937,not ADE-related
1938,not ADE-related
1939,not ADE-related
1940,ADE-related
1941,ADE-related
1942,not ADE-related
1943,ADE-related
1944,not ADE-related
1945,not ADE-related
1946,not ADE-related
1947,not ADE-related
1948,not ADE-related
1949,not ADE-related
1950,not ADE-related
1951,ADE-related
1952,ADE-related
1953,not ADE-related
1954,ADE-related
1955,not ADE-related
1956,not ADE-related
1957,not ADE-related
1958,ADE-related
1959,not ADE-related
1960,ADE-related
1961,not ADE-related
1962,not ADE-related
1963,not ADE-related
1964,not ADE-related
1965,not ADE-related
1966,not ADE-related
1967,ADE-related
1968,not ADE-related
1969,ADE-related
1970,not ADE-related
1971,not ADE-related
1972,not ADE-related
1973,not ADE-related
1974,ADE-related
1975,not ADE-related
1976,not ADE-related
1977,not ADE-related
1978,not ADE-related
1979,ADE-related
1980,not ADE-related
1981,not ADE-related
1982,ADE-related
1983,ADE-related
1984,not ADE-related
1985,not ADE-related
1986,ADE-related
1987,ADE-related
1988,ADE-related
1989,not ADE-related
1990,ADE-related
1991,not ADE-related
1992,not ADE-related
1993,ADE-related
1994,not ADE-related
1995,not ADE-related
1996,not ADE-related
1997,ADE-related
1998,ADE-related
1999,ADE-related
2000,ADE-related
2001,not ADE-related
2002,ADE-related
2003,not ADE-related
2004,not ADE-related
2005,not ADE-related
2006,not ADE-related
2007,ADE-related
2008,ADE-related
2009,ADE-related
2010,ADE-related
2011,ADE-related
2012,not ADE-related
2013,not ADE-related
2014,not ADE-related
2015,ADE-related
2016,not ADE-related
2017,not ADE-related
2018,not ADE-related
2019,not ADE-related
2020,not ADE-related
2021,not ADE-related
2022,not ADE-related
2023,not ADE-related
2024,not ADE-related
2025,not ADE-related
2026,not ADE-related
2027,not ADE-related
2028,not ADE-related
2029,not ADE-related
2030,not ADE-related
2031,not ADE-related
2032,not ADE-related
2033,not ADE-related
2034,not ADE-related
2035,ADE-related
2036,not ADE-related
2037,not ADE-related
2038,not ADE-related
2039,not ADE-related
2040,not ADE-related
2041,not ADE-related
2042,not ADE-related
2043,not ADE-related
2044,not ADE-related
2045,ADE-related
2046,ADE-related
2047,not ADE-related
2048,not ADE-related
2049,ADE-related
2050,ADE-related
2051,not ADE-related
2052,not ADE-related
2053,not ADE-related
2054,not ADE-related
2055,not ADE-related
2056,not ADE-related
2057,not ADE-related
2058,ADE-related
2059,not ADE-related
2060,not ADE-related
2061,not ADE-related
2062,not ADE-related
2063,not ADE-related
2064,not ADE-related
2065,ADE-related
2066,ADE-related
2067,not ADE-related
2068,not ADE-related
2069,ADE-related
2070,not ADE-related
2071,not ADE-related
2072,not ADE-related
2073,not ADE-related
2074,ADE-related
2075,ADE-related
2076,not ADE-related
2077,not ADE-related
2078,ADE-related
2079,ADE-related
2080,ADE-related
2081,not ADE-related
2082,ADE-related
2083,not ADE-related
2084,ADE-related
2085,ADE-related
2086,not ADE-related
2087,ADE-related
2088,ADE-related
2089,ADE-related
2090,ADE-related
2091,ADE-related
2092,not ADE-related
2093,not ADE-related
2094,not ADE-related
2095,not ADE-related
2096,ADE-related
2097,not ADE-related
2098,not ADE-related
2099,not ADE-related
2100,not ADE-related
2101,not ADE-related
2102,not ADE-related
2103,not ADE-related
2104,not ADE-related
2105,ADE-related
2106,ADE-related
2107,ADE-related
2108,not ADE-related
2109,ADE-related
2110,not ADE-related
2111,ADE-related
2112,not ADE-related
2113,ADE-related
2114,ADE-related
2115,ADE-related
2116,not ADE-related
2117,not ADE-related
2118,not ADE-related
2119,ADE-related
2120,not ADE-related
2121,ADE-related
2122,not ADE-related
2123,not ADE-related
2124,ADE-related
2125,not ADE-related
2126,not ADE-related
2127,not ADE-related
2128,ADE-related
2129,ADE-related
2130,not ADE-related
2131,ADE-related
2132,not ADE-related
2133,ADE-related
2134,not ADE-related
2135,not ADE-related
2136,not ADE-related
2137,not ADE-related
2138,ADE-related
2139,ADE-related
2140,ADE-related
2141,ADE-related
2142,not ADE-related
2143,not ADE-related
2144,ADE-related
2145,not ADE-related
2146,not ADE-related
2147,not ADE-related
2148,not ADE-related
2149,not ADE-related
2150,ADE-related
2151,ADE-related
2152,not ADE-related
2153,not ADE-related
2154,not ADE-related
2155,not ADE-related
2156,not ADE-related
2157,not ADE-related
2158,not ADE-related
2159,ADE-related
2160,not ADE-related
2161,not ADE-related
2162,not ADE-related
2163,not ADE-related
2164,not ADE-related
2165,ADE-related
2166,ADE-related
2167,not ADE-related
2168,not ADE-related
2169,not ADE-related
2170,not ADE-related
2171,not ADE-related
2172,not ADE-related
2173,not ADE-related
2174,ADE-related
2175,ADE-related
2176,not ADE-related
2177,ADE-related
2178,not ADE-related
2179,not ADE-related
2180,not ADE-related
2181,ADE-related
2182,ADE-related
2183,not ADE-related
2184,ADE-related
2185,ADE-related
2186,ADE-related
2187,ADE-related
2188,not ADE-related
2189,not ADE-related
2190,not ADE-related
2191,not ADE-related
2192,not ADE-related
2193,not ADE-related
2194,not ADE-related
2195,ADE-related
2196,not ADE-related
2197,ADE-related
2198,ADE-related
2199,not ADE-related
2200,not ADE-related
2201,ADE-related
2202,not ADE-related
2203,not ADE-related
2204,ADE-related
2205,ADE-related
2206,not ADE-related
2207,not ADE-related
2208,not ADE-related
2209,not ADE-related
2210,ADE-related
2211,not ADE-related
2212,ADE-related
2213,ADE-related
2214,not ADE-related
2215,ADE-related
2216,not ADE-related
2217,ADE-related
2218,not ADE-related
2219,not ADE-related
2220,ADE-related
2221,ADE-related
2222,not ADE-related
2223,not ADE-related
2224,not ADE-related
2225,not ADE-related
2226,not ADE-related
2227,not ADE-related
2228,not ADE-related
2229,ADE-related
2230,not ADE-related
2231,not ADE-related
2232,ADE-related
2233,not ADE-related
2234,not ADE-related
2235,not ADE-related
2236,ADE-related
2237,ADE-related
2238,not ADE-related
2239,ADE-related
2240,ADE-related
2241,ADE-related
2242,ADE-related
2243,ADE-related
2244,not ADE-related
2245,not ADE-related
2246,not ADE-related
2247,not ADE-related
2248,ADE-related
2249,not ADE-related
2250,ADE-related
2251,ADE-related
2252,not ADE-related
2253,ADE-related
2254,not ADE-related
2255,ADE-related
2256,not ADE-related
2257,not ADE-related
2258,ADE-related
2259,ADE-related
2260,ADE-related
2261,ADE-related
2262,ADE-related
2263,not ADE-related
2264,ADE-related
2265,not ADE-related
2266,not ADE-related
2267,not ADE-related
2268,not ADE-related
2269,ADE-related
2270,not ADE-related
2271,ADE-related
2272,not ADE-related
2273,not ADE-related
2274,ADE-related
2275,not ADE-related
2276,not ADE-related
2277,not ADE-related
2278,not ADE-related
2279,not ADE-related
2280,ADE-related
2281,ADE-related
2282,not ADE-related
2283,not ADE-related
2284,not ADE-related
2285,ADE-related
2286,not ADE-related
2287,ADE-related
2288,ADE-related
2289,ADE-related
2290,not ADE-related
2291,ADE-related
2292,not ADE-related
2293,not ADE-related
2294,not ADE-related
2295,not ADE-related
2296,not ADE-related
2297,not ADE-related
2298,not ADE-related
2299,not ADE-related
2300,not ADE-related
2301,ADE-related
2302,ADE-related
2303,ADE-related
2304,ADE-related
2305,not ADE-related
2306,not ADE-related
2307,not ADE-related
2308,not ADE-related
2309,not ADE-related
2310,not ADE-related
2311,ADE-related
2312,not ADE-related
2313,not ADE-related
2314,not ADE-related
2315,ADE-related
2316,ADE-related
2317,ADE-related
2318,ADE-related
2319,not ADE-related
2320,not ADE-related
2321,not ADE-related
2322,not ADE-related
2323,ADE-related
2324,ADE-related
2325,not ADE-related
2326,not ADE-related
2327,not ADE-related
2328,ADE-related
2329,not ADE-related
2330,not ADE-related
2331,ADE-related
2332,not ADE-related
2333,not ADE-related
2334,not ADE-related
2335,ADE-related
2336,not ADE-related
2337,not ADE-related
2338,ADE-related
2339,ADE-related
2340,not ADE-related
2341,not ADE-related
2342,ADE-related
2343,not ADE-related
2344,ADE-related
2345,not ADE-related
2346,ADE-related
2347,not ADE-related
2348,ADE-related
2349,ADE-related
2350,ADE-related
2351,not ADE-related
2352,ADE-related
2353,ADE-related
2354,not ADE-related
2355,not ADE-related
2356,not ADE-related
2357,ADE-related
2358,not ADE-related
2359,not ADE-related
2360,ADE-related
2361,not ADE-related
2362,not ADE-related
2363,not ADE-related
2364,ADE-related
2365,not ADE-related
2366,ADE-related
2367,ADE-related
2368,not ADE-related
2369,ADE-related
2370,not ADE-related
2371,not ADE-related
2372,not ADE-related
2373,not ADE-related
2374,not ADE-related
2375,ADE-related
2376,not ADE-related
2377,ADE-related
2378,not ADE-related
2379,not ADE-related
2380,ADE-related
2381,not ADE-related
2382,not ADE-related
2383,not ADE-related
2384,ADE-related
2385,ADE-related
2386,ADE-related
2387,not ADE-related
2388,ADE-related
2389,ADE-related
2390,not ADE-related
2391,not ADE-related
2392,ADE-related
2393,not ADE-related
2394,not ADE-related
2395,not ADE-related
2396,ADE-related
2397,not ADE-related
2398,ADE-related
2399,ADE-related
2400,ADE-related
2401,ADE-related
2402,not ADE-related
2403,not ADE-related
2404,not ADE-related
2405,not ADE-related
2406,ADE-related
2407,not ADE-related
2408,ADE-related
2409,not ADE-related
2410,ADE-related
2411,not ADE-related
2412,ADE-related
2413,not ADE-related
2414,not ADE-related
2415,not ADE-related
2416,ADE-related
2417,ADE-related
2418,ADE-related
2419,not ADE-related
2420,ADE-related
2421,ADE-related
2422,not ADE-related
2423,not ADE-related
2424,not ADE-related
2425,not ADE-related
2426,not ADE-related
2427,ADE-related
2428,not ADE-related
2429,not ADE-related
2430,not ADE-related
2431,not ADE-related
2432,not ADE-related
2433,not ADE-related
2434,not ADE-related
2435,not ADE-related
2436,not ADE-related
2437,not ADE-related
2438,not ADE-related
2439,ADE-related
2440,not ADE-related
2441,ADE-related
2442,ADE-related
2443,not ADE-related
2444,not ADE-related
2445,not ADE-related
2446,ADE-related
2447,not ADE-related
2448,not ADE-related
2449,not ADE-related
2450,not ADE-related
2451,not ADE-related
2452,not ADE-related
2453,ADE-related
2454,not ADE-related
2455,not ADE-related
2456,not ADE-related
2457,ADE-related
2458,ADE-related
2459,not ADE-related
2460,not ADE-related
2461,not ADE-related
2462,not ADE-related
2463,ADE-related
2464,not ADE-related
2465,not ADE-related
2466,not ADE-related
2467,not ADE-related
2468,not ADE-related
2469,not ADE-related
2470,ADE-related
2471,not ADE-related
2472,ADE-related
2473,not ADE-related
2474,ADE-related
2475,not ADE-related
2476,not ADE-related
2477,not ADE-related
2478,not ADE-related
2479,ADE-related
2480,not ADE-related
2481,not ADE-related
2482,not ADE-related
2483,ADE-related
2484,not ADE-related
2485,not ADE-related
2486,not ADE-related
2487,not ADE-related
2488,not ADE-related
2489,not ADE-related
2490,not ADE-related
2491,not ADE-related
2492,not ADE-related
2493,ADE-related
2494,ADE-related
2495,ADE-related
2496,not ADE-related
2497,not ADE-related
2498,not ADE-related
2499,not ADE-related
2500,not ADE-related
2501,not ADE-related
2502,ADE-related
2503,not ADE-related
2504,ADE-related
2505,ADE-related
2506,not ADE-related
2507,not ADE-related
2508,not ADE-related
2509,not ADE-related
2510,not ADE-related
2511,ADE-related
2512,not ADE-related
2513,not ADE-related
2514,ADE-related
2515,not ADE-related
2516,ADE-related
2517,not ADE-related
2518,not ADE-related
2519,ADE-related
2520,ADE-related
2521,ADE-related
2522,ADE-related
2523,not ADE-related
2524,not ADE-related
2525,not ADE-related
2526,ADE-related
2527,ADE-related
2528,ADE-related
2529,not ADE-related
2530,not ADE-related
2531,not ADE-related
2532,not ADE-related
2533,ADE-related
2534,not ADE-related
2535,not ADE-related
2536,not ADE-related
2537,not ADE-related
2538,ADE-related
2539,not ADE-related
2540,not ADE-related
2541,not ADE-related
2542,not ADE-related
2543,ADE-related
2544,not ADE-related
2545,not ADE-related
2546,not ADE-related
2547,not ADE-related
2548,not ADE-related
2549,ADE-related
2550,ADE-related
2551,not ADE-related
2552,ADE-related
2553,ADE-related
2554,not ADE-related
2555,ADE-related
2556,ADE-related
2557,not ADE-related
2558,not ADE-related
2559,not ADE-related
2560,not ADE-related
2561,not ADE-related
2562,ADE-related
2563,ADE-related
2564,ADE-related
2565,not ADE-related
2566,ADE-related
2567,not ADE-related
2568,not ADE-related
2569,not ADE-related
2570,not ADE-related
2571,not ADE-related
2572,ADE-related
2573,not ADE-related
2574,not ADE-related
2575,not ADE-related
2576,not ADE-related
2577,not ADE-related
2578,not ADE-related
2579,not ADE-related
2580,not ADE-related
2581,not ADE-related
2582,not ADE-related
2583,ADE-related
2584,not ADE-related
2585,ADE-related
2586,not ADE-related
2587,ADE-related
2588,not ADE-related
2589,not ADE-related
2590,ADE-related
2591,not ADE-related
2592,ADE-related
2593,ADE-related
2594,not ADE-related
2595,ADE-related
2596,not ADE-related
2597,not ADE-related
2598,not ADE-related
2599,ADE-related
2600,not ADE-related
2601,not ADE-related
2602,not ADE-related
2603,not ADE-related
2604,not ADE-related
2605,ADE-related
2606,not ADE-related
2607,not ADE-related
2608,ADE-related
2609,not ADE-related
2610,ADE-related
2611,ADE-related
2612,not ADE-related
2613,ADE-related
2614,ADE-related
2615,not ADE-related
2616,not ADE-related
2617,not ADE-related
2618,not ADE-related
2619,not ADE-related
2620,ADE-related
2621,not ADE-related
2622,not ADE-related
2623,not ADE-related
2624,not ADE-related
2625,not ADE-related
2626,ADE-related
2627,not ADE-related
2628,not ADE-related
2629,not ADE-related
2630,not ADE-related
2631,not ADE-related
2632,not ADE-related
2633,not ADE-related
2634,not ADE-related
2635,not ADE-related
2636,ADE-related
2637,not ADE-related
2638,not ADE-related
2639,not ADE-related
2640,not ADE-related
2641,not ADE-related
2642,ADE-related
2643,ADE-related
2644,ADE-related
2645,ADE-related
2646,not ADE-related
2647,ADE-related
2648,not ADE-related
2649,not ADE-related
2650,not ADE-related
2651,not ADE-related
2652,not ADE-related
2653,not ADE-related
2654,not ADE-related
2655,not ADE-related
2656,ADE-related
2657,not ADE-related
2658,not ADE-related
2659,ADE-related
2660,ADE-related
2661,not ADE-related
2662,ADE-related
2663,not ADE-related
2664,not ADE-related
2665,not ADE-related
2666,not ADE-related
2667,not ADE-related
2668,not ADE-related
2669,not ADE-related
2670,not ADE-related
2671,not ADE-related
2672,ADE-related
2673,ADE-related
2674,ADE-related
2675,not ADE-related
2676,not ADE-related
2677,not ADE-related
2678,not ADE-related
2679,not ADE-related
2680,not ADE-related
2681,not ADE-related
2682,not ADE-related
2683,ADE-related
2684,not ADE-related
2685,not ADE-related
2686,not ADE-related
2687,ADE-related
2688,not ADE-related
2689,not ADE-related
2690,not ADE-related
2691,ADE-related
2692,ADE-related
2693,ADE-related
2694,not ADE-related
2695,ADE-related
2696,not ADE-related
2697,not ADE-related
2698,not ADE-related
2699,not ADE-related
2700,not ADE-related
2701,ADE-related
2702,not ADE-related
2703,not ADE-related
2704,not ADE-related
2705,not ADE-related
2706,not ADE-related
2707,not ADE-related
2708,not ADE-related
2709,not ADE-related
2710,not ADE-related
2711,not ADE-related
2712,ADE-related
2713,ADE-related
2714,not ADE-related
2715,not ADE-related
2716,not ADE-related
2717,not ADE-related
2718,not ADE-related
2719,not ADE-related
2720,not ADE-related
2721,ADE-related
2722,not ADE-related
2723,not ADE-related
2724,not ADE-related
2725,not ADE-related
2726,not ADE-related
2727,not ADE-related
2728,not ADE-related
2729,ADE-related
2730,ADE-related
2731,not ADE-related
2732,ADE-related
2733,not ADE-related
2734,ADE-related
2735,not ADE-related
2736,ADE-related
2737,ADE-related
2738,ADE-related
2739,ADE-related
2740,not ADE-related
2741,not ADE-related
2742,not ADE-related
2743,not ADE-related
2744,not ADE-related
2745,not ADE-related
2746,ADE-related
2747,not ADE-related
2748,ADE-related
2749,not ADE-related
2750,ADE-related
2751,not ADE-related
2752,ADE-related
2753,ADE-related
2754,ADE-related
2755,not ADE-related
2756,ADE-related
2757,not ADE-related
2758,not ADE-related
2759,ADE-related
2760,not ADE-related
2761,not ADE-related
2762,ADE-related
2763,not ADE-related
2764,not ADE-related
2765,ADE-related
2766,not ADE-related
2767,not ADE-related
2768,ADE-related
2769,ADE-related
2770,ADE-related
2771,ADE-related
2772,ADE-related
2773,ADE-related
2774,ADE-related
2775,not ADE-related
2776,ADE-related
2777,not ADE-related
2778,not ADE-related
2779,not ADE-related
2780,ADE-related
2781,not ADE-related
2782,not ADE-related
2783,not ADE-related
2784,not ADE-related
2785,ADE-related
2786,ADE-related
2787,ADE-related
2788,not ADE-related
2789,not ADE-related
2790,ADE-related
2791,ADE-related
2792,not ADE-related
2793,not ADE-related
2794,not ADE-related
2795,ADE-related
2796,not ADE-related
2797,ADE-related
2798,not ADE-related
2799,ADE-related
2800,not ADE-related
2801,not ADE-related
2802,ADE-related
2803,ADE-related
2804,not ADE-related
2805,not ADE-related
2806,ADE-related
2807,ADE-related
2808,not ADE-related
2809,not ADE-related
2810,ADE-related
2811,ADE-related
2812,ADE-related
2813,ADE-related
2814,ADE-related
2815,not ADE-related
2816,not ADE-related
2817,not ADE-related
2818,ADE-related
2819,not ADE-related
2820,ADE-related
2821,not ADE-related
2822,not ADE-related
2823,ADE-related
2824,not ADE-related
2825,ADE-related
2826,ADE-related
2827,not ADE-related
2828,not ADE-related
2829,ADE-related
2830,not ADE-related
2831,ADE-related
2832,not ADE-related
2833,not ADE-related
2834,ADE-related
2835,not ADE-related
2836,ADE-related
2837,ADE-related
2838,ADE-related
2839,ADE-related
2840,ADE-related
2841,not ADE-related
2842,not ADE-related
2843,ADE-related
2844,ADE-related
2845,not ADE-related
2846,not ADE-related
2847,not ADE-related
2848,ADE-related
2849,ADE-related
2850,ADE-related
2851,not ADE-related
2852,not ADE-related
2853,not ADE-related
2854,ADE-related
2855,not ADE-related
2856,not ADE-related
2857,not ADE-related
2858,ADE-related
2859,not ADE-related
2860,ADE-related
2861,not ADE-related
2862,not ADE-related
2863,not ADE-related
2864,ADE-related
2865,not ADE-related
2866,not ADE-related
2867,not ADE-related
2868,not ADE-related
2869,not ADE-related
2870,not ADE-related
2871,not ADE-related
2872,not ADE-related
2873,not ADE-related
2874,not ADE-related
2875,not ADE-related
2876,ADE-related
2877,not ADE-related
2878,ADE-related
2879,ADE-related
2880,ADE-related
2881,not ADE-related
2882,not ADE-related
2883,ADE-related
2884,not ADE-related
2885,ADE-related
2886,not ADE-related
2887,ADE-related
2888,not ADE-related
2889,not ADE-related
2890,ADE-related
2891,not ADE-related
2892,not ADE-related
2893,not ADE-related
2894,not ADE-related
2895,not ADE-related
2896,ADE-related
2897,ADE-related
2898,ADE-related
2899,ADE-related
2900,not ADE-related
2901,not ADE-related
2902,not ADE-related
2903,not ADE-related
2904,ADE-related
2905,not ADE-related
2906,not ADE-related
2907,not ADE-related
2908,not ADE-related
2909,not ADE-related
2910,not ADE-related
2911,not ADE-related
2912,not ADE-related
2913,not ADE-related
2914,ADE-related
2915,ADE-related
2916,not ADE-related
2917,ADE-related
2918,ADE-related
2919,ADE-related
2920,ADE-related
2921,not ADE-related
2922,ADE-related
2923,ADE-related
2924,ADE-related
2925,ADE-related
2926,ADE-related
2927,not ADE-related
2928,ADE-related
2929,not ADE-related
2930,not ADE-related
2931,ADE-related
2932,not ADE-related
2933,not ADE-related
2934,ADE-related
2935,ADE-related
2936,not ADE-related
2937,ADE-related
2938,not ADE-related
2939,not ADE-related
2940,not ADE-related
2941,not ADE-related
2942,ADE-related
2943,not ADE-related
2944,ADE-related
2945,ADE-related
2946,not ADE-related
2947,ADE-related
2948,not ADE-related
2949,ADE-related
2950,not ADE-related
2951,not ADE-related
2952,ADE-related
2953,ADE-related
2954,ADE-related
2955,not ADE-related
2956,not ADE-related
2957,not ADE-related
2958,ADE-related
2959,not ADE-related
2960,not ADE-related
2961,ADE-related
2962,not ADE-related
2963,not ADE-related
2964,ADE-related
2965,ADE-related
2966,ADE-related
2967,ADE-related
2968,ADE-related
2969,ADE-related
2970,not ADE-related
2971,ADE-related
2972,ADE-related
2973,not ADE-related
2974,not ADE-related
2975,ADE-related
2976,ADE-related
2977,ADE-related
2978,ADE-related
2979,ADE-related
2980,not ADE-related
2981,ADE-related
2982,not ADE-related
2983,not ADE-related
2984,not ADE-related
2985,ADE-related
2986,not ADE-related
2987,ADE-related
2988,not ADE-related
2989,ADE-related
2990,not ADE-related
2991,ADE-related
2992,ADE-related
2993,not ADE-related
2994,not ADE-related
2995,ADE-related
2996,ADE-related
2997,not ADE-related
2998,not ADE-related
2999,ADE-related
3000,ADE-related
3001,ADE-related
3002,not ADE-related
3003,not ADE-related
3004,ADE-related
3005,ADE-related
3006,not ADE-related
3007,not ADE-related
3008,not ADE-related
3009,not ADE-related
3010,not ADE-related
3011,not ADE-related
3012,not ADE-related
3013,not ADE-related
3014,not ADE-related
3015,not ADE-related
3016,ADE-related
3017,ADE-related
3018,ADE-related
3019,not ADE-related
3020,ADE-related
3021,not ADE-related
3022,ADE-related
3023,not ADE-related
3024,not ADE-related
3025,not ADE-related
3026,not ADE-related
3027,ADE-related
3028,ADE-related
3029,not ADE-related
3030,not ADE-related
3031,not ADE-related
3032,not ADE-related
3033,ADE-related
3034,not ADE-related
3035,not ADE-related
3036,not ADE-related
3037,ADE-related
3038,not ADE-related
3039,ADE-related
3040,ADE-related
3041,not ADE-related
3042,ADE-related
3043,not ADE-related
3044,not ADE-related
3045,not ADE-related
3046,not ADE-related
3047,ADE-related
3048,ADE-related
3049,ADE-related
3050,ADE-related
3051,not ADE-related
3052,not ADE-related
3053,not ADE-related
3054,ADE-related
3055,ADE-related
3056,not ADE-related
3057,ADE-related
3058,not ADE-related
3059,not ADE-related
3060,not ADE-related
3061,not ADE-related
3062,ADE-related
3063,not ADE-related
3064,ADE-related
3065,ADE-related
3066,not ADE-related
3067,ADE-related
3068,ADE-related
3069,not ADE-related
3070,not ADE-related
3071,not ADE-related
3072,not ADE-related
3073,ADE-related
3074,not ADE-related
3075,not ADE-related
3076,not ADE-related
3077,not ADE-related
3078,not ADE-related
3079,ADE-related
3080,not ADE-related
3081,ADE-related
3082,not ADE-related
3083,ADE-related
3084,ADE-related
3085,ADE-related
3086,not ADE-related
3087,not ADE-related
3088,not ADE-related
3089,not ADE-related
3090,ADE-related
3091,not ADE-related
3092,not ADE-related
3093,not ADE-related
3094,not ADE-related
3095,not ADE-related
3096,not ADE-related
3097,ADE-related
3098,not ADE-related
3099,ADE-related
3100,ADE-related
3101,not ADE-related
3102,not ADE-related
3103,ADE-related
3104,not ADE-related
3105,ADE-related
3106,ADE-related
3107,not ADE-related
3108,not ADE-related
3109,not ADE-related
3110,not ADE-related
3111,not ADE-related
3112,not ADE-related
3113,not ADE-related
3114,not ADE-related
3115,not ADE-related
3116,not ADE-related
3117,not ADE-related
3118,ADE-related
3119,not ADE-related
3120,ADE-related
3121,ADE-related
3122,ADE-related
3123,ADE-related
3124,not ADE-related
3125,not ADE-related
3126,not ADE-related
3127,not ADE-related
3128,not ADE-related
3129,not ADE-related
3130,not ADE-related
3131,ADE-related
3132,not ADE-related
3133,ADE-related
3134,not ADE-related
3135,not ADE-related
3136,not ADE-related
3137,ADE-related
3138,ADE-related
3139,ADE-related
3140,ADE-related
3141,not ADE-related
3142,ADE-related
3143,not ADE-related
3144,not ADE-related
3145,not ADE-related
3146,ADE-related
3147,ADE-related
3148,not ADE-related
3149,not ADE-related
3150,ADE-related
3151,ADE-related
3152,ADE-related
3153,ADE-related
3154,ADE-related
3155,ADE-related
3156,not ADE-related
3157,not ADE-related
3158,not ADE-related
3159,not ADE-related
3160,ADE-related
3161,ADE-related
3162,not ADE-related
3163,ADE-related
3164,not ADE-related
3165,not ADE-related
3166,not ADE-related
3167,ADE-related
3168,ADE-related
3169,not ADE-related
3170,not ADE-related
3171,not ADE-related
3172,not ADE-related
3173,not ADE-related
3174,ADE-related
3175,not ADE-related
3176,not ADE-related
3177,not ADE-related
3178,not ADE-related
3179,not ADE-related
3180,not ADE-related
3181,not ADE-related
3182,not ADE-related
3183,not ADE-related
3184,not ADE-related
3185,not ADE-related
3186,not ADE-related
3187,not ADE-related
3188,not ADE-related
3189,not ADE-related
3190,ADE-related
3191,ADE-related
3192,ADE-related
3193,not ADE-related
3194,not ADE-related
3195,ADE-related
3196,not ADE-related
3197,ADE-related
3198,ADE-related
3199,not ADE-related
3200,not ADE-related
3201,not ADE-related
3202,not ADE-related
3203,ADE-related
3204,ADE-related
3205,ADE-related
3206,not ADE-related
3207,not ADE-related
3208,not ADE-related
3209,not ADE-related
3210,not ADE-related
3211,ADE-related
3212,not ADE-related
3213,not ADE-related
3214,not ADE-related
3215,not ADE-related
3216,not ADE-related
3217,not ADE-related
3218,ADE-related
3219,not ADE-related
3220,ADE-related
3221,not ADE-related
3222,not ADE-related
3223,not ADE-related
3224,not ADE-related
3225,not ADE-related
3226,not ADE-related
3227,not ADE-related
3228,ADE-related
3229,not ADE-related
3230,not ADE-related
3231,not ADE-related
3232,ADE-related
3233,not ADE-related
3234,not ADE-related
3235,not ADE-related
3236,ADE-related
3237,ADE-related
3238,ADE-related
3239,not ADE-related
3240,not ADE-related
3241,ADE-related
3242,ADE-related
3243,not ADE-related
3244,not ADE-related
3245,ADE-related
3246,not ADE-related
3247,ADE-related
3248,ADE-related
3249,ADE-related
3250,not ADE-related
3251,not ADE-related
3252,not ADE-related
3253,ADE-related
3254,not ADE-related
3255,not ADE-related
3256,not ADE-related
3257,not ADE-related
3258,not ADE-related
3259,not ADE-related
3260,ADE-related
3261,ADE-related
3262,ADE-related
3263,ADE-related
3264,not ADE-related
3265,not ADE-related
3266,ADE-related
3267,ADE-related
3268,not ADE-related
3269,ADE-related
3270,not ADE-related
3271,not ADE-related
3272,ADE-related
3273,not ADE-related
3274,not ADE-related
3275,ADE-related
3276,ADE-related
3277,not ADE-related
3278,not ADE-related
3279,ADE-related
3280,not ADE-related
3281,not ADE-related
3282,ADE-related
3283,not ADE-related
3284,ADE-related
3285,not ADE-related
3286,ADE-related
3287,ADE-related
3288,ADE-related
3289,not ADE-related
3290,ADE-related
3291,ADE-related
3292,ADE-related
3293,not ADE-related
3294,not ADE-related
3295,not ADE-related
3296,not ADE-related
3297,ADE-related
3298,not ADE-related
3299,not ADE-related
3300,ADE-related
3301,not ADE-related
3302,not ADE-related
3303,not ADE-related
3304,ADE-related
3305,not ADE-related
3306,not ADE-related
3307,ADE-related
3308,ADE-related
3309,not ADE-related
3310,not ADE-related
3311,not ADE-related
3312,not ADE-related
3313,not ADE-related
3314,ADE-related
3315,not ADE-related
3316,not ADE-related
3317,not ADE-related
3318,not ADE-related
3319,ADE-related
3320,not ADE-related
3321,ADE-related
3322,not ADE-related
3323,not ADE-related
3324,not ADE-related
3325,ADE-related
3326,not ADE-related
3327,ADE-related
3328,not ADE-related
3329,ADE-related
3330,not ADE-related
3331,ADE-related
3332,ADE-related
3333,not ADE-related
3334,ADE-related
3335,not ADE-related
3336,not ADE-related
3337,not ADE-related
3338,not ADE-related
3339,not ADE-related
3340,ADE-related
3341,not ADE-related
3342,not ADE-related
3343,not ADE-related
3344,not ADE-related
3345,not ADE-related
3346,ADE-related
3347,not ADE-related
3348,ADE-related
3349,ADE-related
3350,ADE-related
3351,ADE-related
3352,not ADE-related
3353,ADE-related
3354,ADE-related
3355,not ADE-related
3356,ADE-related
3357,ADE-related
3358,not ADE-related
3359,not ADE-related
3360,ADE-related
3361,ADE-related
3362,not ADE-related
3363,not ADE-related
3364,not ADE-related
3365,ADE-related
3366,not ADE-related
3367,ADE-related
3368,not ADE-related
3369,not ADE-related
3370,ADE-related
3371,ADE-related
3372,not ADE-related
3373,ADE-related
3374,not ADE-related
3375,ADE-related
3376,ADE-related
3377,not ADE-related
3378,not ADE-related
3379,not ADE-related
3380,not ADE-related
3381,not ADE-related
3382,not ADE-related
3383,not ADE-related
3384,not ADE-related
3385,ADE-related
3386,ADE-related
3387,not ADE-related
3388,not ADE-related
3389,ADE-related
3390,not ADE-related
3391,not ADE-related
3392,not ADE-related
3393,ADE-related
3394,ADE-related
3395,ADE-related
3396,not ADE-related
3397,ADE-related
3398,not ADE-related
3399,not ADE-related
3400,not ADE-related
3401,not ADE-related
3402,ADE-related
3403,not ADE-related
3404,ADE-related
3405,not ADE-related
3406,not ADE-related
3407,not ADE-related
3408,not ADE-related
3409,not ADE-related
3410,not ADE-related
3411,not ADE-related
3412,not ADE-related
3413,ADE-related
3414,ADE-related
3415,not ADE-related
3416,ADE-related
3417,not ADE-related
3418,not ADE-related
3419,ADE-related
3420,not ADE-related
3421,ADE-related
3422,not ADE-related
3423,not ADE-related
3424,not ADE-related
3425,not ADE-related
3426,not ADE-related
3427,not ADE-related
3428,not ADE-related
3429,not ADE-related
3430,ADE-related
3431,not ADE-related
3432,not ADE-related
3433,not ADE-related
3434,not ADE-related
3435,not ADE-related
3436,not ADE-related
3437,ADE-related
3438,not ADE-related
3439,ADE-related
3440,ADE-related
3441,ADE-related
3442,not ADE-related
3443,not ADE-related
3444,ADE-related
3445,ADE-related
3446,not ADE-related
3447,ADE-related
3448,not ADE-related
3449,ADE-related
3450,ADE-related
3451,not ADE-related
3452,not ADE-related
3453,not ADE-related
3454,not ADE-related
3455,not ADE-related
3456,not ADE-related
3457,not ADE-related
3458,ADE-related
3459,ADE-related
3460,ADE-related
3461,not ADE-related
3462,not ADE-related
3463,ADE-related
3464,not ADE-related
3465,not ADE-related
3466,ADE-related
3467,ADE-related
3468,not ADE-related
3469,not ADE-related
3470,not ADE-related
3471,not ADE-related
3472,not ADE-related
3473,ADE-related
3474,ADE-related
3475,not ADE-related
3476,ADE-related
3477,ADE-related
3478,not ADE-related
3479,not ADE-related
3480,not ADE-related
3481,ADE-related
3482,not ADE-related
3483,not ADE-related
3484,ADE-related
3485,not ADE-related
3486,not ADE-related
3487,not ADE-related
3488,not ADE-related
3489,ADE-related
3490,not ADE-related
3491,ADE-related
3492,ADE-related
3493,not ADE-related
3494,not ADE-related
3495,not ADE-related
3496,not ADE-related
3497,not ADE-related
3498,not ADE-related
3499,ADE-related
3500,ADE-related
3501,not ADE-related
3502,ADE-related
3503,not ADE-related
3504,not ADE-related
3505,not ADE-related
3506,not ADE-related
3507,ADE-related
3508,ADE-related
3509,not ADE-related
3510,not ADE-related
3511,not ADE-related
3512,not ADE-related
3513,not ADE-related
3514,ADE-related
3515,not ADE-related
3516,not ADE-related
3517,not ADE-related
3518,not ADE-related
3519,not ADE-related
3520,ADE-related
3521,not ADE-related
3522,not ADE-related
3523,not ADE-related
3524,not ADE-related
3525,not ADE-related
3526,not ADE-related
3527,ADE-related
3528,not ADE-related
3529,not ADE-related
3530,ADE-related
3531,not ADE-related
3532,not ADE-related
3533,not ADE-related
3534,not ADE-related
3535,ADE-related
3536,ADE-related
3537,not ADE-related
3538,not ADE-related
3539,not ADE-related
3540,ADE-related
3541,not ADE-related
3542,not ADE-related
3543,not ADE-related
3544,ADE-related
3545,not ADE-related
3546,ADE-related
3547,not ADE-related
3548,not ADE-related
3549,ADE-related
3550,not ADE-related
3551,not ADE-related
3552,not ADE-related
3553,not ADE-related
3554,not ADE-related
3555,ADE-related
3556,not ADE-related
3557,ADE-related
3558,not ADE-related
3559,not ADE-related
3560,not ADE-related
3561,ADE-related
3562,not ADE-related
3563,not ADE-related
3564,not ADE-related
3565,ADE-related
3566,ADE-related
3567,ADE-related
3568,ADE-related
3569,not ADE-related
3570,ADE-related
3571,ADE-related
3572,not ADE-related
3573,not ADE-related
3574,not ADE-related
3575,ADE-related
3576,ADE-related
3577,not ADE-related
3578,ADE-related
3579,not ADE-related
3580,not ADE-related
3581,not ADE-related
3582,not ADE-related
3583,not ADE-related
3584,not ADE-related
3585,ADE-related
3586,ADE-related
3587,not ADE-related
3588,ADE-related
3589,ADE-related
3590,not ADE-related
3591,ADE-related
3592,not ADE-related
3593,not ADE-related
3594,not ADE-related
3595,not ADE-related
3596,not ADE-related
3597,not ADE-related
3598,not ADE-related
3599,not ADE-related
3600,not ADE-related
3601,not ADE-related
3602,not ADE-related
3603,not ADE-related
3604,not ADE-related
3605,not ADE-related
3606,not ADE-related
3607,not ADE-related
3608,ADE-related
3609,not ADE-related
3610,not ADE-related
3611,not ADE-related
3612,not ADE-related
3613,not ADE-related
3614,not ADE-related
3615,not ADE-related
3616,ADE-related
3617,ADE-related
3618,not ADE-related
3619,ADE-related
3620,not ADE-related
3621,ADE-related
3622,not ADE-related
3623,not ADE-related
3624,ADE-related
3625,not ADE-related
3626,not ADE-related
3627,not ADE-related
3628,not ADE-related
3629,not ADE-related
3630,not ADE-related
3631,ADE-related
3632,ADE-related
3633,ADE-related
3634,ADE-related
3635,not ADE-related
3636,not ADE-related
3637,not ADE-related
3638,not ADE-related
3639,not ADE-related
3640,not ADE-related
3641,not ADE-related
3642,not ADE-related
3643,not ADE-related
3644,not ADE-related
3645,not ADE-related
3646,ADE-related
3647,not ADE-related
3648,ADE-related
3649,not ADE-related
3650,not ADE-related
3651,not ADE-related
3652,ADE-related
3653,not ADE-related
3654,not ADE-related
3655,not ADE-related
3656,ADE-related
3657,not ADE-related
3658,not ADE-related
3659,not ADE-related
3660,not ADE-related
3661,not ADE-related
3662,not ADE-related
3663,ADE-related
3664,not ADE-related
3665,not ADE-related
3666,not ADE-related
3667,ADE-related
3668,ADE-related
3669,not ADE-related
3670,not ADE-related
3671,not ADE-related
3672,not ADE-related
3673,not ADE-related
3674,ADE-related
3675,not ADE-related
3676,not ADE-related
3677,not ADE-related
3678,not ADE-related
3679,ADE-related
3680,ADE-related
3681,not ADE-related
3682,not ADE-related
3683,not ADE-related
3684,ADE-related
3685,not ADE-related
3686,ADE-related
3687,not ADE-related
3688,not ADE-related
3689,not ADE-related
3690,not ADE-related
3691,ADE-related
3692,not ADE-related
3693,not ADE-related
3694,not ADE-related
3695,ADE-related
3696,not ADE-related
3697,not ADE-related
3698,not ADE-related
3699,not ADE-related
3700,not ADE-related
3701,not ADE-related
3702,not ADE-related
3703,not ADE-related
3704,ADE-related
3705,ADE-related
3706,not ADE-related
3707,not ADE-related
3708,not ADE-related
3709,not ADE-related
3710,not ADE-related
3711,ADE-related
3712,not ADE-related
3713,not ADE-related
3714,not ADE-related
3715,not ADE-related
3716,not ADE-related
3717,not ADE-related
3718,ADE-related
3719,not ADE-related
3720,not ADE-related
3721,not ADE-related
3722,not ADE-related
3723,ADE-related
3724,not ADE-related
3725,not ADE-related
3726,ADE-related
3727,not ADE-related
3728,ADE-related
3729,ADE-related
3730,not ADE-related
3731,ADE-related
3732,not ADE-related
3733,not ADE-related
3734,not ADE-related
3735,not ADE-related
3736,not ADE-related
3737,ADE-related
3738,not ADE-related
3739,not ADE-related
3740,not ADE-related
3741,not ADE-related
3742,not ADE-related
3743,not ADE-related
3744,not ADE-related
3745,not ADE-related
3746,ADE-related
3747,not ADE-related
3748,ADE-related
3749,not ADE-related
3750,not ADE-related
3751,ADE-related
3752,not ADE-related
3753,ADE-related
3754,ADE-related
3755,not ADE-related
3756,not ADE-related
3757,ADE-related
3758,ADE-related
3759,not ADE-related
3760,not ADE-related
3761,not ADE-related
3762,ADE-related
3763,not ADE-related
3764,not ADE-related
3765,ADE-related
3766,not ADE-related
3767,not ADE-related
3768,not ADE-related
3769,not ADE-related
3770,ADE-related
3771,not ADE-related
3772,ADE-related
3773,not ADE-related
3774,ADE-related
3775,not ADE-related
3776,ADE-related
3777,ADE-related
3778,not ADE-related
3779,ADE-related
3780,ADE-related
3781,not ADE-related
3782,ADE-related
3783,ADE-related
3784,ADE-related
3785,not ADE-related
3786,ADE-related
3787,not ADE-related
3788,ADE-related
3789,ADE-related
3790,ADE-related
3791,ADE-related
3792,ADE-related
3793,not ADE-related
3794,not ADE-related
3795,not ADE-related
3796,ADE-related
3797,not ADE-related
3798,not ADE-related
3799,not ADE-related
3800,not ADE-related
3801,ADE-related
3802,not ADE-related
3803,ADE-related
3804,not ADE-related
3805,not ADE-related
3806,not ADE-related
3807,ADE-related
3808,not ADE-related
3809,not ADE-related
3810,not ADE-related
3811,ADE-related
3812,not ADE-related
3813,ADE-related
3814,not ADE-related
3815,ADE-related
3816,ADE-related
3817,ADE-related
3818,ADE-related
3819,ADE-related
3820,not ADE-related
3821,not ADE-related
3822,not ADE-related
3823,not ADE-related
3824,not ADE-related
3825,not ADE-related
3826,ADE-related
3827,not ADE-related
3828,not ADE-related
3829,not ADE-related
3830,ADE-related
3831,not ADE-related
3832,not ADE-related
3833,not ADE-related
3834,not ADE-related
3835,ADE-related
3836,ADE-related
3837,not ADE-related
3838,ADE-related
3839,not ADE-related
3840,not ADE-related
3841,ADE-related
3842,ADE-related
3843,not ADE-related
3844,not ADE-related
3845,not ADE-related
3846,not ADE-related
3847,not ADE-related
3848,ADE-related
3849,not ADE-related
3850,not ADE-related
3851,not ADE-related
3852,not ADE-related
3853,ADE-related
3854,ADE-related
3855,not ADE-related
3856,not ADE-related
3857,ADE-related
3858,not ADE-related
3859,ADE-related
3860,not ADE-related
3861,ADE-related
3862,not ADE-related
3863,not ADE-related
3864,not ADE-related
3865,ADE-related
3866,not ADE-related
3867,not ADE-related
3868,not ADE-related
3869,not ADE-related
3870,not ADE-related
3871,ADE-related
3872,not ADE-related
3873,ADE-related
3874,not ADE-related
3875,ADE-related
3876,ADE-related
3877,ADE-related
3878,not ADE-related
3879,not ADE-related
3880,ADE-related
3881,not ADE-related
3882,ADE-related
3883,not ADE-related
3884,not ADE-related
3885,ADE-related
3886,not ADE-related
3887,not ADE-related
3888,not ADE-related
3889,not ADE-related
3890,not ADE-related
3891,not ADE-related
3892,ADE-related
3893,not ADE-related
3894,not ADE-related
3895,not ADE-related
3896,not ADE-related
3897,not ADE-related
3898,not ADE-related
3899,not ADE-related
3900,ADE-related
3901,ADE-related
3902,not ADE-related
3903,not ADE-related
3904,ADE-related
3905,ADE-related
3906,ADE-related
3907,not ADE-related
3908,not ADE-related
3909,not ADE-related
3910,ADE-related
3911,not ADE-related
3912,ADE-related
3913,ADE-related
3914,ADE-related
3915,not ADE-related
3916,ADE-related
3917,ADE-related
3918,not ADE-related
3919,not ADE-related
3920,ADE-related
3921,not ADE-related
3922,ADE-related
3923,ADE-related
3924,not ADE-related
3925,ADE-related
3926,not ADE-related
3927,ADE-related
3928,ADE-related
3929,not ADE-related
3930,not ADE-related
3931,not ADE-related
3932,not ADE-related
3933,not ADE-related
3934,ADE-related
3935,ADE-related
3936,ADE-related
3937,not ADE-related
3938,not ADE-related
3939,ADE-related
3940,ADE-related
3941,not ADE-related
3942,not ADE-related
3943,not ADE-related
3944,not ADE-related
3945,not ADE-related
3946,ADE-related
3947,ADE-related
3948,ADE-related
3949,not ADE-related
3950,ADE-related
3951,ADE-related
3952,not ADE-related
3953,ADE-related
3954,not ADE-related
3955,ADE-related
3956,not ADE-related
3957,ADE-related
3958,not ADE-related
3959,not ADE-related
3960,not ADE-related
3961,ADE-related
3962,ADE-related
3963,ADE-related
3964,not ADE-related
3965,not ADE-related
3966,ADE-related
3967,not ADE-related
3968,not ADE-related
3969,ADE-related
3970,not ADE-related
3971,not ADE-related
3972,not ADE-related
3973,ADE-related
3974,ADE-related
3975,ADE-related
3976,ADE-related
3977,not ADE-related
3978,ADE-related
3979,not ADE-related
3980,not ADE-related
3981,not ADE-related
3982,ADE-related
3983,not ADE-related
3984,not ADE-related
3985,not ADE-related
3986,ADE-related
3987,not ADE-related
3988,ADE-related
3989,ADE-related
3990,not ADE-related
3991,not ADE-related
3992,ADE-related
3993,not ADE-related
3994,not ADE-related
3995,ADE-related
3996,not ADE-related
3997,not ADE-related
3998,not ADE-related
3999,not ADE-related
4000,not ADE-related
4001,ADE-related
4002,not ADE-related
4003,ADE-related
4004,ADE-related
4005,not ADE-related
4006,not ADE-related
4007,not ADE-related
4008,not ADE-related
4009,not ADE-related
4010,not ADE-related
4011,ADE-related
4012,ADE-related
4013,not ADE-related
4014,not ADE-related
4015,ADE-related
4016,not ADE-related
4017,not ADE-related
4018,not ADE-related
4019,ADE-related
4020,not ADE-related
4021,not ADE-related
4022,not ADE-related
4023,ADE-related
4024,not ADE-related
4025,not ADE-related
4026,not ADE-related
4027,ADE-related
4028,ADE-related
4029,not ADE-related
4030,not ADE-related
4031,not ADE-related
4032,not ADE-related
4033,ADE-related
4034,ADE-related
4035,ADE-related
4036,not ADE-related
4037,not ADE-related
4038,not ADE-related
4039,ADE-related
4040,not ADE-related
4041,not ADE-related
4042,not ADE-related
4043,ADE-related
4044,not ADE-related
4045,not ADE-related
4046,not ADE-related
4047,not ADE-related
4048,ADE-related
4049,not ADE-related
4050,ADE-related
4051,not ADE-related
4052,not ADE-related
4053,not ADE-related
4054,ADE-related
4055,not ADE-related
4056,not ADE-related
4057,not ADE-related
4058,ADE-related
4059,not ADE-related
4060,not ADE-related
4061,not ADE-related
4062,not ADE-related
4063,not ADE-related
4064,not ADE-related
4065,not ADE-related
4066,not ADE-related
4067,not ADE-related
4068,ADE-related
4069,not ADE-related
4070,not ADE-related
4071,not ADE-related
4072,ADE-related
4073,not ADE-related
4074,not ADE-related
4075,not ADE-related
4076,ADE-related
4077,ADE-related
4078,not ADE-related
4079,ADE-related
4080,not ADE-related
4081,not ADE-related
4082,not ADE-related
4083,not ADE-related
4084,ADE-related
4085,not ADE-related
4086,not ADE-related
4087,ADE-related
4088,ADE-related
4089,not ADE-related
4090,not ADE-related
4091,not ADE-related
4092,ADE-related
4093,ADE-related
4094,ADE-related
4095,not ADE-related
4096,not ADE-related
4097,not ADE-related
4098,not ADE-related
4099,not ADE-related
4100,not ADE-related
4101,ADE-related
4102,ADE-related
4103,not ADE-related
4104,ADE-related
4105,not ADE-related
4106,not ADE-related
4107,not ADE-related
4108,not ADE-related
4109,not ADE-related
4110,ADE-related
4111,not ADE-related
4112,ADE-related
4113,not ADE-related
4114,ADE-related
4115,ADE-related
4116,ADE-related
4117,ADE-related
4118,not ADE-related
4119,not ADE-related
4120,ADE-related
4121,not ADE-related
4122,ADE-related
4123,ADE-related
4124,not ADE-related
4125,not ADE-related
4126,not ADE-related
4127,ADE-related
4128,not ADE-related
4129,ADE-related
4130,ADE-related
4131,ADE-related
4132,not ADE-related
4133,ADE-related
4134,not ADE-related
4135,not ADE-related
4136,ADE-related
4137,not ADE-related
4138,ADE-related
4139,not ADE-related
4140,not ADE-related
4141,not ADE-related
4142,not ADE-related
4143,not ADE-related
4144,not ADE-related
4145,not ADE-related
4146,not ADE-related
4147,ADE-related
4148,ADE-related
4149,not ADE-related
4150,not ADE-related
4151,not ADE-related
4152,not ADE-related
4153,ADE-related
4154,ADE-related
4155,not ADE-related
4156,not ADE-related
4157,not ADE-related
4158,not ADE-related
4159,not ADE-related
4160,ADE-related
4161,not ADE-related
4162,ADE-related
4163,ADE-related
4164,not ADE-related
4165,not ADE-related
4166,ADE-related
4167,ADE-related
4168,not ADE-related
4169,ADE-related
4170,not ADE-related
4171,not ADE-related
4172,not ADE-related
4173,ADE-related
4174,not ADE-related
4175,not ADE-related
4176,not ADE-related
4177,ADE-related
4178,not ADE-related
4179,not ADE-related
4180,ADE-related
4181,not ADE-related
4182,not ADE-related
4183,not ADE-related
4184,not ADE-related
4185,not ADE-related
4186,not ADE-related
4187,ADE-related
4188,not ADE-related
4189,not ADE-related
4190,not ADE-related
4191,not ADE-related
4192,ADE-related
4193,ADE-related
4194,not ADE-related
4195,not ADE-related
4196,ADE-related
4197,not ADE-related
4198,not ADE-related
4199,not ADE-related
4200,ADE-related
4201,ADE-related
4202,not ADE-related
4203,ADE-related
4204,ADE-related
4205,not ADE-related
4206,ADE-related
4207,not ADE-related
4208,not ADE-related
4209,not ADE-related
4210,ADE-related
4211,not ADE-related
4212,not ADE-related
4213,not ADE-related
4214,ADE-related
4215,not ADE-related
4216,not ADE-related
4217,ADE-related
4218,ADE-related
4219,ADE-related
4220,ADE-related
4221,ADE-related
4222,ADE-related
4223,not ADE-related
4224,not ADE-related
4225,not ADE-related
4226,not ADE-related
4227,ADE-related
4228,not ADE-related
4229,not ADE-related
4230,ADE-related
4231,not ADE-related
4232,ADE-related
4233,not ADE-related
4234,ADE-related
4235,not ADE-related
4236,not ADE-related
4237,not ADE-related
4238,ADE-related
4239,ADE-related
4240,not ADE-related
4241,not ADE-related
4242,not ADE-related
4243,ADE-related
4244,not ADE-related
4245,not ADE-related
4246,not ADE-related
4247,not ADE-related
4248,not ADE-related
4249,not ADE-related
4250,not ADE-related
4251,not ADE-related
4252,ADE-related
4253,ADE-related
4254,ADE-related
4255,ADE-related
4256,not ADE-related
4257,not ADE-related
4258,not ADE-related
4259,not ADE-related
4260,not ADE-related
4261,not ADE-related
4262,not ADE-related
4263,not ADE-related
4264,ADE-related
4265,not ADE-related
4266,not ADE-related
4267,not ADE-related
4268,ADE-related
4269,not ADE-related
4270,not ADE-related
4271,not ADE-related
4272,not ADE-related
4273,not ADE-related
4274,not ADE-related
4275,ADE-related
4276,not ADE-related
4277,ADE-related
4278,not ADE-related
4279,ADE-related
4280,not ADE-related
4281,not ADE-related
4282,not ADE-related
4283,not ADE-related
4284,ADE-related
4285,not ADE-related
4286,not ADE-related
4287,not ADE-related
4288,not ADE-related
4289,ADE-related
4290,not ADE-related
4291,not ADE-related
4292,ADE-related
4293,not ADE-related
4294,ADE-related
4295,not ADE-related
4296,ADE-related
4297,not ADE-related
4298,ADE-related
4299,not ADE-related
4300,ADE-related
4301,not ADE-related
4302,not ADE-related
4303,not ADE-related
4304,ADE-related
4305,ADE-related
4306,not ADE-related
4307,ADE-related
4308,not ADE-related
4309,not ADE-related
4310,not ADE-related
4311,not ADE-related
4312,ADE-related
4313,not ADE-related
4314,ADE-related
4315,not ADE-related
4316,not ADE-related
4317,not ADE-related
4318,ADE-related
4319,not ADE-related
4320,not ADE-related
4321,not ADE-related
4322,ADE-related
4323,not ADE-related
4324,not ADE-related
4325,ADE-related
4326,not ADE-related
4327,not ADE-related
4328,not ADE-related
4329,not ADE-related
4330,not ADE-related
4331,not ADE-related
4332,ADE-related
4333,not ADE-related
4334,ADE-related
4335,ADE-related
4336,not ADE-related
4337,not ADE-related
4338,not ADE-related
4339,not ADE-related
4340,not ADE-related
4341,ADE-related
4342,not ADE-related
4343,not ADE-related
4344,ADE-related
4345,ADE-related
4346,not ADE-related
4347,not ADE-related
4348,ADE-related
4349,ADE-related
4350,not ADE-related
4351,not ADE-related
4352,not ADE-related
4353,not ADE-related
4354,not ADE-related
4355,ADE-related
4356,not ADE-related
4357,ADE-related
4358,not ADE-related
4359,ADE-related
4360,not ADE-related
4361,ADE-related
4362,ADE-related
4363,not ADE-related
4364,not ADE-related
4365,not ADE-related
4366,not ADE-related
4367,ADE-related
4368,ADE-related
4369,not ADE-related
4370,not ADE-related
4371,not ADE-related
4372,not ADE-related
4373,ADE-related
4374,ADE-related
4375,not ADE-related
4376,not ADE-related
4377,not ADE-related
4378,not ADE-related
4379,ADE-related
4380,ADE-related
4381,ADE-related
4382,ADE-related
4383,ADE-related
4384,ADE-related
4385,not ADE-related
4386,not ADE-related
4387,ADE-related
4388,ADE-related
4389,ADE-related
4390,ADE-related
4391,not ADE-related
4392,not ADE-related
4393,ADE-related
4394,not ADE-related
4395,ADE-related
4396,not ADE-related
4397,ADE-related
4398,not ADE-related
4399,not ADE-related
4400,not ADE-related
4401,not ADE-related
4402,ADE-related
4403,not ADE-related
4404,ADE-related
4405,not ADE-related
4406,not ADE-related
4407,not ADE-related
4408,ADE-related
4409,not ADE-related
4410,ADE-related
4411,ADE-related
4412,not ADE-related
4413,not ADE-related
4414,ADE-related
4415,not ADE-related
4416,ADE-related
4417,ADE-related
4418,not ADE-related
4419,not ADE-related
4420,ADE-related
4421,not ADE-related
4422,ADE-related
4423,not ADE-related
4424,not ADE-related
4425,not ADE-related
4426,ADE-related
4427,not ADE-related
4428,not ADE-related
4429,ADE-related
4430,ADE-related
4431,not ADE-related
4432,ADE-related
4433,ADE-related
4434,ADE-related
4435,not ADE-related
4436,not ADE-related
4437,ADE-related
4438,ADE-related
4439,not ADE-related
4440,not ADE-related
4441,ADE-related
4442,not ADE-related
4443,not ADE-related
4444,not ADE-related
4445,not ADE-related
4446,not ADE-related
4447,ADE-related
4448,ADE-related
4449,not ADE-related
4450,not ADE-related
4451,ADE-related
4452,not ADE-related
4453,ADE-related
4454,ADE-related
4455,ADE-related
4456,not ADE-related
4457,not ADE-related
4458,not ADE-related
4459,ADE-related
4460,not ADE-related
4461,ADE-related
4462,not ADE-related
4463,not ADE-related
4464,not ADE-related
4465,not ADE-related
4466,ADE-related
4467,not ADE-related
4468,not ADE-related
4469,not ADE-related
4470,not ADE-related
4471,ADE-related
4472,not ADE-related
4473,ADE-related
4474,not ADE-related
4475,not ADE-related
4476,not ADE-related
4477,ADE-related
4478,ADE-related
4479,not ADE-related
4480,not ADE-related
4481,not ADE-related
4482,ADE-related
4483,not ADE-related
4484,ADE-related
4485,not ADE-related
4486,not ADE-related
4487,ADE-related
4488,not ADE-related
4489,not ADE-related
4490,ADE-related
4491,not ADE-related
4492,not ADE-related
4493,not ADE-related
4494,ADE-related
4495,ADE-related
4496,not ADE-related
4497,not ADE-related
4498,ADE-related
4499,not ADE-related
4500,not ADE-related
4501,ADE-related
4502,ADE-related
4503,not ADE-related
4504,not ADE-related
4505,ADE-related
4506,not ADE-related
4507,ADE-related
4508,not ADE-related
4509,not ADE-related
4510,not ADE-related
4511,ADE-related
4512,not ADE-related
4513,ADE-related
4514,not ADE-related
4515,not ADE-related
4516,not ADE-related
4517,not ADE-related
4518,not ADE-related
4519,not ADE-related
4520,not ADE-related
4521,ADE-related
4522,not ADE-related
4523,not ADE-related
4524,not ADE-related
4525,not ADE-related
4526,not ADE-related
4527,not ADE-related
4528,ADE-related
4529,ADE-related
4530,not ADE-related
4531,not ADE-related
4532,not ADE-related
4533,ADE-related
4534,ADE-related
4535,ADE-related
4536,ADE-related
4537,not ADE-related
4538,ADE-related
4539,not ADE-related
4540,not ADE-related
4541,ADE-related
4542,ADE-related
4543,not ADE-related
4544,not ADE-related
4545,ADE-related
4546,not ADE-related
4547,ADE-related
4548,not ADE-related
4549,ADE-related
4550,not ADE-related
4551,not ADE-related
4552,not ADE-related
4553,not ADE-related
4554,ADE-related
4555,ADE-related
4556,ADE-related
4557,not ADE-related
4558,ADE-related
4559,ADE-related
4560,ADE-related
4561,not ADE-related
4562,not ADE-related
4563,not ADE-related
4564,not ADE-related
4565,not ADE-related
4566,not ADE-related
4567,ADE-related
4568,not ADE-related
4569,ADE-related
4570,not ADE-related
4571,not ADE-related
4572,ADE-related
4573,ADE-related
4574,ADE-related
4575,not ADE-related
4576,not ADE-related
4577,not ADE-related
4578,not ADE-related
4579,not ADE-related
4580,not ADE-related
4581,not ADE-related
4582,not ADE-related
4583,not ADE-related
4584,not ADE-related
4585,ADE-related
4586,not ADE-related
4587,not ADE-related
4588,not ADE-related
4589,ADE-related
4590,not ADE-related
4591,ADE-related
4592,not ADE-related
4593,not ADE-related
4594,ADE-related
4595,not ADE-related
4596,not ADE-related
4597,not ADE-related
4598,not ADE-related
4599,not ADE-related
4600,ADE-related
4601,ADE-related
4602,not ADE-related
4603,not ADE-related
4604,not ADE-related
4605,not ADE-related
4606,not ADE-related
4607,not ADE-related
4608,ADE-related
4609,not ADE-related
4610,not ADE-related
4611,ADE-related
4612,ADE-related
4613,ADE-related
4614,not ADE-related
4615,ADE-related
4616,ADE-related
4617,not ADE-related
4618,not ADE-related
4619,not ADE-related
4620,not ADE-related
4621,not ADE-related
4622,ADE-related
4623,not ADE-related
4624,not ADE-related
4625,not ADE-related
4626,ADE-related
4627,not ADE-related
4628,not ADE-related
4629,not ADE-related
4630,not ADE-related
4631,ADE-related
4632,ADE-related
4633,not ADE-related
4634,not ADE-related
4635,not ADE-related
4636,ADE-related
4637,not ADE-related
4638,ADE-related
4639,not ADE-related
4640,not ADE-related
4641,not ADE-related
4642,not ADE-related
4643,not ADE-related
4644,not ADE-related
4645,not ADE-related
4646,ADE-related
4647,not ADE-related
4648,not ADE-related
4649,ADE-related
4650,not ADE-related
4651,not ADE-related
4652,not ADE-related
4653,not ADE-related
4654,not ADE-related
4655,ADE-related
4656,not ADE-related
4657,ADE-related
4658,not ADE-related
4659,not ADE-related
4660,not ADE-related
4661,not ADE-related
4662,ADE-related
4663,not ADE-related
4664,ADE-related
4665,ADE-related
4666,not ADE-related
4667,not ADE-related
4668,not ADE-related
4669,ADE-related
4670,ADE-related
4671,not ADE-related
4672,not ADE-related
4673,not ADE-related
4674,not ADE-related
4675,not ADE-related
4676,not ADE-related
4677,not ADE-related
4678,ADE-related
4679,not ADE-related
4680,not ADE-related
4681,not ADE-related
4682,ADE-related
4683,not ADE-related
4684,not ADE-related
4685,ADE-related
4686,not ADE-related
4687,ADE-related
4688,ADE-related
4689,not ADE-related
4690,ADE-related
4691,ADE-related
4692,not ADE-related
4693,ADE-related
4694,ADE-related
4695,not ADE-related
4696,ADE-related
4697,not ADE-related
4698,not ADE-related
4699,not ADE-related
4700,not ADE-related
4701,ADE-related
4702,not ADE-related
4703,ADE-related
4704,not ADE-related
4705,ADE-related
4706,not ADE-related
4707,ADE-related
4708,not ADE-related
4709,ADE-related
4710,ADE-related
4711,not ADE-related
4712,ADE-related
4713,not ADE-related
4714,ADE-related
4715,not ADE-related
4716,not ADE-related
4717,not ADE-related
4718,not ADE-related
4719,ADE-related
4720,not ADE-related
4721,ADE-related
4722,not ADE-related
4723,ADE-related
4724,not ADE-related
4725,ADE-related
4726,not ADE-related
4727,not ADE-related
4728,not ADE-related
4729,ADE-related
4730,not ADE-related
4731,not ADE-related
4732,not ADE-related
4733,not ADE-related
4734,not ADE-related
4735,ADE-related
4736,not ADE-related
4737,not ADE-related
4738,ADE-related
4739,not ADE-related
4740,not ADE-related
4741,not ADE-related
4742,not ADE-related
4743,not ADE-related
4744,not ADE-related
4745,not ADE-related
4746,not ADE-related
4747,not ADE-related
4748,not ADE-related
4749,not ADE-related
4750,ADE-related
4751,ADE-related
4752,not ADE-related
4753,not ADE-related
4754,not ADE-related
4755,ADE-related
4756,not ADE-related
4757,not ADE-related
4758,not ADE-related
4759,not ADE-related
4760,ADE-related
4761,not ADE-related
4762,not ADE-related
4763,not ADE-related
4764,not ADE-related
4765,ADE-related
4766,not ADE-related
4767,not ADE-related
4768,not ADE-related
4769,not ADE-related
4770,ADE-related
4771,ADE-related
4772,not ADE-related
4773,ADE-related
4774,not ADE-related
4775,ADE-related
4776,not ADE-related
4777,ADE-related
4778,not ADE-related
4779,not ADE-related
4780,not ADE-related
4781,not ADE-related
4782,not ADE-related
4783,not ADE-related
4784,not ADE-related
4785,not ADE-related
4786,ADE-related
4787,ADE-related
4788,ADE-related
4789,not ADE-related
4790,not ADE-related
4791,not ADE-related
4792,ADE-related
4793,ADE-related
4794,ADE-related
4795,not ADE-related
4796,not ADE-related
4797,not ADE-related
4798,not ADE-related
4799,not ADE-related
4800,ADE-related
4801,ADE-related
4802,ADE-related
4803,not ADE-related
4804,not ADE-related
4805,not ADE-related
4806,ADE-related
4807,not ADE-related
4808,ADE-related
4809,ADE-related
4810,ADE-related
4811,ADE-related
4812,ADE-related
4813,not ADE-related
4814,not ADE-related
4815,not ADE-related
4816,not ADE-related
4817,ADE-related
4818,not ADE-related
4819,not ADE-related
4820,ADE-related
4821,ADE-related
4822,not ADE-related
4823,not ADE-related
4824,ADE-related
4825,not ADE-related
4826,ADE-related
4827,not ADE-related
4828,ADE-related
4829,ADE-related
4830,not ADE-related
4831,not ADE-related
4832,not ADE-related
4833,ADE-related
4834,not ADE-related
4835,not ADE-related
4836,ADE-related
4837,ADE-related
4838,not ADE-related
4839,ADE-related
4840,ADE-related
4841,ADE-related
4842,ADE-related
4843,not ADE-related
4844,not ADE-related
4845,not ADE-related
4846,not ADE-related
4847,not ADE-related
4848,not ADE-related
4849,not ADE-related
4850,ADE-related
4851,not ADE-related
4852,not ADE-related
4853,ADE-related
4854,not ADE-related
4855,not ADE-related
4856,ADE-related
4857,not ADE-related
4858,not ADE-related
4859,not ADE-related
4860,ADE-related
4861,ADE-related
4862,ADE-related
4863,not ADE-related
4864,ADE-related
4865,not ADE-related
4866,not ADE-related
4867,ADE-related
4868,not ADE-related
4869,ADE-related
4870,ADE-related
4871,not ADE-related
4872,ADE-related
4873,ADE-related
4874,not ADE-related
4875,ADE-related
4876,not ADE-related
4877,not ADE-related
4878,ADE-related
4879,not ADE-related
4880,not ADE-related
4881,not ADE-related
4882,ADE-related
4883,not ADE-related
4884,not ADE-related
4885,not ADE-related
4886,ADE-related
4887,not ADE-related
4888,not ADE-related
4889,ADE-related
4890,ADE-related
4891,ADE-related
4892,not ADE-related
4893,not ADE-related
4894,not ADE-related
4895,not ADE-related
4896,not ADE-related
4897,not ADE-related
4898,not ADE-related
4899,not ADE-related
4900,not ADE-related
4901,ADE-related
4902,not ADE-related
4903,ADE-related
4904,not ADE-related
4905,ADE-related
4906,not ADE-related
4907,not ADE-related
4908,not ADE-related
4909,not ADE-related
4910,not ADE-related
4911,not ADE-related
4912,not ADE-related
4913,ADE-related
4914,not ADE-related
4915,not ADE-related
4916,not ADE-related
4917,not ADE-related
4918,not ADE-related
4919,not ADE-related
4920,ADE-related
4921,not ADE-related
4922,not ADE-related
4923,ADE-related
4924,not ADE-related
4925,not ADE-related
4926,not ADE-related
4927,not ADE-related
4928,not ADE-related
4929,ADE-related
4930,ADE-related
4931,not ADE-related
4932,not ADE-related
4933,not ADE-related
4934,not ADE-related
4935,ADE-related
4936,not ADE-related
4937,not ADE-related
4938,not ADE-related
4939,not ADE-related
4940,not ADE-related
4941,not ADE-related
4942,not ADE-related
4943,not ADE-related
4944,ADE-related
4945,not ADE-related
4946,not ADE-related
4947,ADE-related
4948,ADE-related
4949,not ADE-related
4950,not ADE-related
4951,not ADE-related
4952,ADE-related
4953,ADE-related
4954,ADE-related
4955,ADE-related
4956,ADE-related
4957,not ADE-related
4958,not ADE-related
4959,not ADE-related
4960,not ADE-related
4961,ADE-related
4962,not ADE-related
4963,ADE-related
4964,not ADE-related
4965,not ADE-related
4966,ADE-related
4967,ADE-related
4968,ADE-related
4969,not ADE-related
4970,ADE-related
4971,not ADE-related
4972,not ADE-related
4973,not ADE-related
4974,ADE-related
4975,not ADE-related
4976,not ADE-related
4977,not ADE-related
4978,not ADE-related
4979,not ADE-related
4980,ADE-related
4981,ADE-related
4982,not ADE-related
4983,ADE-related
4984,ADE-related
4985,ADE-related
4986,not ADE-related
4987,not ADE-related
4988,not ADE-related
4989,ADE-related
4990,ADE-related
4991,ADE-related
4992,not ADE-related
4993,not ADE-related
4994,not ADE-related
4995,not ADE-related
4996,not ADE-related
4997,not ADE-related
4998,not ADE-related
4999,not ADE-related
5000,ADE-related
5001,not ADE-related
5002,ADE-related
5003,ADE-related
5004,not ADE-related
5005,ADE-related
5006,ADE-related
5007,not ADE-related
5008,not ADE-related
5009,not ADE-related
5010,not ADE-related
5011,not ADE-related
5012,not ADE-related
5013,not ADE-related
5014,not ADE-related
5015,not ADE-related
5016,not ADE-related
5017,ADE-related
5018,not ADE-related
5019,ADE-related
5020,not ADE-related
5021,not ADE-related
5022,ADE-related
5023,not ADE-related
5024,not ADE-related
5025,ADE-related
5026,not ADE-related
5027,ADE-related
5028,not ADE-related
5029,not ADE-related
5030,not ADE-related
5031,not ADE-related
5032,not ADE-related
5033,not ADE-related
5034,not ADE-related
5035,not ADE-related
5036,not ADE-related
5037,not ADE-related
5038,not ADE-related
5039,not ADE-related
5040,not ADE-related
5041,ADE-related
5042,ADE-related
5043,not ADE-related
5044,not ADE-related
5045,ADE-related
5046,not ADE-related
5047,not ADE-related
5048,not ADE-related
5049,ADE-related
